test_id,sample_id,domain,split,sha256_source,render_seed,input_image,sha256_input_image,mi_json,sha256_mi_json,gt_json,sha256_gt_json
clean_pattern_11832,pattern_11832,clean,development,e17df494c98d30b9d718274791b169fc788728d6e7d416edc103706290adcf51,3261279304,development/clean/pattern_11832/input.png,29c223130cad9fadb333916aa297769152ab650e7f1948d36d4a3a7360888370,development/clean/pattern_11832/mi.json,24cc9cdeff5c3f46814c76ff64258116d700e6a1167356678b97b73b4a2fd9cb,development/clean/pattern_11832/gt.json,0ecf4aa2a73de54cc0ba24185f5e89f428107755e462b39f1c23dcb5666dab81
styled_pattern_11832,pattern_11832,styled,development,e17df494c98d30b9d718274791b169fc788728d6e7d416edc103706290adcf51,669417044,development/styled/pattern_11832/input.png,8dff0d6965a479226f09d819528ae49f0188410e9ecfd7eb5c86e9ba0fb65086,development/styled/pattern_11832/mi.json,24cc9cdeff5c3f46814c76ff64258116d700e6a1167356678b97b73b4a2fd9cb,development/styled/pattern_11832/gt.json,0ecf4aa2a73de54cc0ba24185f5e89f428107755e462b39f1c23dcb5666dab81
real_like_pattern_11832,pattern_11832,real_like,development,e17df494c98d30b9d718274791b169fc788728d6e7d416edc103706290adcf51,2418944958,development/real_like/pattern_11832/input.png,b5c4af44f4f3f41d27ddb252cd6a497fca7b27bc5266e1c29215f46aae7ba899,development/real_like/pattern_11832/mi.json,24cc9cdeff5c3f46814c76ff64258116d700e6a1167356678b97b73b4a2fd9cb,development/real_like/pattern_11832/gt.json,0ecf4aa2a73de54cc0ba24185f5e89f428107755e462b39f1c23dcb5666dab81
clean_pattern_60890,pattern_60890,clean,development,4898d625235b6a7d49b97b047e9242949964c7cf2774c292c9dbf47816b9887a,2274384257,development/clean/pattern_60890/input.png,5ebd41a4a3a29eba5fd76412017cb08f6678ee7ce0d614f64fba8dd7fa0e5a26,development/clean/pattern_60890/mi.json,13c7ba9fef2da3b355ac5e20bee06f1d20b5eb5ed6c41f4a1a58872edb0ca5b0,development/clean/pattern_60890/gt.json,dac96f8c8fad2c81d09e475b0501d03b5c0e4bfa308aadc67a32199f2858aa81
styled_pattern_60890,pattern_60890,styled,development,4898d625235b6a7d49b97b047e9242949964c7cf2774c292c9dbf47816b9887a,3502051050,development/styled/pattern_60890/input.png,2c45dc8eef41f8683481d15cd97da9c653a08be28103fed878622730a29190be,development/styled/pattern_60890/mi.json,13c7ba9fef2da3b355ac5e20bee06f1d20b5eb5ed6c41f4a1a58872edb0ca5b0,development/styled/pattern_60890/gt.json,dac96f8c8fad2c81d09e475b0501d03b5c0e4bfa308aadc67a32199f2858aa81
real_like_pattern_60890,pattern_60890,real_like,development,4898d625235b6a7d49b97b047e9242949964c7cf2774c292c9dbf47816b9887a,1472904242,development/real_like/pattern_60890/input.png,93b370cb5aa2c7255a84d2a78c4af6a9a207f565f096eaa1a790b1f4d12d87a2,development/real_like/pattern_60890/mi.json,13c7ba9fef2da3b355ac5e20bee06f1d20b5eb5ed6c41f4a1a58872edb0ca5b0,development/real_like/pattern_60890/gt.json,dac96f8c8fad2c81d09e475b0501d03b5c0e4bfa308aadc67a32199f2858aa81
clean_pattern_69527,pattern_69527,clean,development,3f4c0027858652c0fb6ee860a3f1936d14cbe73a9deab2f4a64a7e4bf714f9fb,555451404,development/clean/pattern_69527/input.png,92590432c4c9bf896e4eb09d57a86cfc9686bdf790195224b09f40a766e88f59,development/clean/pattern_69527/mi.json,f34a7860c7c9777b9f5df0ce65016c8d2ac34ab19fcfea05da4ea80f3365eda0,development/clean/pattern_69527/gt.json,abeb0846bc48b429d005a089ed5a386e87c88898a542d4b965e48f8e0c820b87
styled_pattern_69527,pattern_69527,styled,development,3f4c0027858652c0fb6ee860a3f1936d14cbe73a9deab2f4a64a7e4bf714f9fb,1715351896,development/styled/pattern_69527/input.png,5815500b402394ebddd36a400eacce2cc48bf52fbae5c080dd99b8fd8ab99d21,development/styled/pattern_69527/mi.json,f34a7860c7c9777b9f5df0ce65016c8d2ac34ab19fcfea05da4ea80f3365eda0,development/styled/pattern_69527/gt.json,abeb0846bc48b429d005a089ed5a386e87c88898a542d4b965e48f8e0c820b87
real_like_pattern_69527,pattern_69527,real_like,development,3f4c0027858652c0fb6ee860a3f1936d14cbe73a9deab2f4a64a7e4bf714f9fb,513512660,development/real_like/pattern_69527/input.png,2e584d28d04e1515e30617ed50545c436ef524341259bac844218e15f57638d1,development/real_like/pattern_69527/mi.json,f34a7860c7c9777b9f5df0ce65016c8d2ac34ab19fcfea05da4ea80f3365eda0,development/real_like/pattern_69527/gt.json,abeb0846bc48b429d005a089ed5a386e87c88898a542d4b965e48f8e0c820b87
clean_pattern_69750,pattern_69750,clean,development,46129cf27f17379ad333262968025abb63c670abe72fac0037a8437a7d9c71e3,3887476908,development/clean/pattern_69750/input.png,8733e48e9e89cf2419b60e6b31c42e7598e6cc0b770e70af4bc795cd547b040a,development/clean/pattern_69750/mi.json,fa4a9be625467bbecdaeadb9c97c3b29700a64185e8700d5fadaf5281cc035cd,development/clean/pattern_69750/gt.json,474ad25fb2a29042c8628df65b3bbf9399ded5895cd10f14a98b3f0d91537770
styled_pattern_69750,pattern_69750,styled,development,46129cf27f17379ad333262968025abb63c670abe72fac0037a8437a7d9c71e3,3142674867,development/styled/pattern_69750/input.png,155c39651cce1d477ce286ee3fe655b34670bda5230109189f6783f8514bb035,development/styled/pattern_69750/mi.json,fa4a9be625467bbecdaeadb9c97c3b29700a64185e8700d5fadaf5281cc035cd,development/styled/pattern_69750/gt.json,474ad25fb2a29042c8628df65b3bbf9399ded5895cd10f14a98b3f0d91537770
real_like_pattern_69750,pattern_69750,real_like,development,46129cf27f17379ad333262968025abb63c670abe72fac0037a8437a7d9c71e3,2005334795,development/real_like/pattern_69750/input.png,63f8117a9fb7818185953ed3905a1f38167a1f9fab3bc5dff6ec6b1dd9668ac5,development/real_like/pattern_69750/mi.json,fa4a9be625467bbecdaeadb9c97c3b29700a64185e8700d5fadaf5281cc035cd,development/real_like/pattern_69750/gt.json,474ad25fb2a29042c8628df65b3bbf9399ded5895cd10f14a98b3f0d91537770
clean_pattern_72074,pattern_72074,clean,development,b0827e165adab597ed6c1198575d6b0a060262d3db54f8abb764b911b3c13d1a,3762022982,development/clean/pattern_72074/input.png,01478432c196892f1a41e5469e8fa012258ba3ac5ee6b5a2feb4f026a3ee4b6f,development/clean/pattern_72074/mi.json,35df2c1d1f4ca244d0bd7c015246b3cbd4429a5430ef20143f84c96d9dfe068b,development/clean/pattern_72074/gt.json,276c0561230aadc45a0f29c7792df002b8b9bf00b6ddf078cc2bd758d7138744
styled_pattern_72074,pattern_72074,styled,development,b0827e165adab597ed6c1198575d6b0a060262d3db54f8abb764b911b3c13d1a,1700008802,development/styled/pattern_72074/input.png,a873385be194e141e45f272f520d8dc3cfbade3311c8cf9504b6fce691f7a658,development/styled/pattern_72074/mi.json,35df2c1d1f4ca244d0bd7c015246b3cbd4429a5430ef20143f84c96d9dfe068b,development/styled/pattern_72074/gt.json,276c0561230aadc45a0f29c7792df002b8b9bf00b6ddf078cc2bd758d7138744
real_like_pattern_72074,pattern_72074,real_like,development,b0827e165adab597ed6c1198575d6b0a060262d3db54f8abb764b911b3c13d1a,1894716494,development/real_like/pattern_72074/input.png,f59c6038bbc02130fc5c3d21bda5b0b6fee6ffd99fea8bec507bd7021e35d987,development/real_like/pattern_72074/mi.json,35df2c1d1f4ca244d0bd7c015246b3cbd4429a5430ef20143f84c96d9dfe068b,development/real_like/pattern_72074/gt.json,276c0561230aadc45a0f29c7792df002b8b9bf00b6ddf078cc2bd758d7138744
clean_pattern_72296,pattern_72296,clean,development,f6e88da7fbb0568b564172bd610d5fe82ed40aea767f7862ca84cdbf241bf9d6,844925327,development/clean/pattern_72296/input.png,032e3df517d609b647349d57efec3e14df4f6fe88b234e4f8e957bda063cd026,development/clean/pattern_72296/mi.json,1701cdcd67f38aa1722be73ce0532f2ff12e6c242584e257b901ce9e503e16c0,development/clean/pattern_72296/gt.json,c005e725e45d145d5eb79b2258ae85dadf43899bc14cd5100c0016f1afdbdf5e
styled_pattern_72296,pattern_72296,styled,development,f6e88da7fbb0568b564172bd610d5fe82ed40aea767f7862ca84cdbf241bf9d6,1522192675,development/styled/pattern_72296/input.png,749de4d0ba22ab5c54e4429f13ae1b62e521fed8fce66d95b3477498f3e5764d,development/styled/pattern_72296/mi.json,1701cdcd67f38aa1722be73ce0532f2ff12e6c242584e257b901ce9e503e16c0,development/styled/pattern_72296/gt.json,c005e725e45d145d5eb79b2258ae85dadf43899bc14cd5100c0016f1afdbdf5e
real_like_pattern_72296,pattern_72296,real_like,development,f6e88da7fbb0568b564172bd610d5fe82ed40aea767f7862ca84cdbf241bf9d6,1147437987,development/real_like/pattern_72296/input.png,e3a00d168741f729f54d3272f947ddcbb969c64bb13fc6ec7fedd4b2e9d4ab7b,development/real_like/pattern_72296/mi.json,1701cdcd67f38aa1722be73ce0532f2ff12e6c242584e257b901ce9e503e16c0,development/real_like/pattern_72296/gt.json,c005e725e45d145d5eb79b2258ae85dadf43899bc14cd5100c0016f1afdbdf5e
clean_pattern_73604,pattern_73604,clean,development,e75734f72eb1bea66fe3677399e1ac92c8d3f752f0a7724906ff9ba3632b2cc4,3355477473,development/clean/pattern_73604/input.png,2c3e80f9d06f0dd3784bb95b2785a1414fafd0774bfd0282cc7e2b199d4187b8,development/clean/pattern_73604/mi.json,2e3b8d3d94ea7cbbd5f33c9858d14505c70c25901b8d506def4a162fcc113b0b,development/clean/pattern_73604/gt.json,d239fcc68ec33184a02bdc5a6e8d8b0ce29cbe0e8ec53dec82e024ae25360157
styled_pattern_73604,pattern_73604,styled,development,e75734f72eb1bea66fe3677399e1ac92c8d3f752f0a7724906ff9ba3632b2cc4,668999376,development/styled/pattern_73604/input.png,e2031c6677145f5dab793c2f43266ec8ba1b8e88849459d7928a135d988acfd4,development/styled/pattern_73604/mi.json,2e3b8d3d94ea7cbbd5f33c9858d14505c70c25901b8d506def4a162fcc113b0b,development/styled/pattern_73604/gt.json,d239fcc68ec33184a02bdc5a6e8d8b0ce29cbe0e8ec53dec82e024ae25360157
real_like_pattern_73604,pattern_73604,real_like,development,e75734f72eb1bea66fe3677399e1ac92c8d3f752f0a7724906ff9ba3632b2cc4,2475411220,development/real_like/pattern_73604/input.png,ba7d9d77e8808be58dded0e69fc296e132c890fe952663519d0f3016e9eb7d84,development/real_like/pattern_73604/mi.json,2e3b8d3d94ea7cbbd5f33c9858d14505c70c25901b8d506def4a162fcc113b0b,development/real_like/pattern_73604/gt.json,d239fcc68ec33184a02bdc5a6e8d8b0ce29cbe0e8ec53dec82e024ae25360157
clean_pattern_74346,pattern_74346,clean,development,66d598120cdcdfed0c384b701b460424a60f6a303f550d182d119fa71f06835c,1288372890,development/clean/pattern_74346/input.png,d2ea299de87a7f407844355c4af3f5644d3ff645cc3ec8ab53fb255c36b510a0,development/clean/pattern_74346/mi.json,6920a0171b51b6668d2f7bc0eb73e261179aecf3915c6a3bdd5444910c5ddebf,development/clean/pattern_74346/gt.json,6e7cf9dd223bf6901822c004eb4990631a633996d193901cd1cb63c0cfa20ead
styled_pattern_74346,pattern_74346,styled,development,66d598120cdcdfed0c384b701b460424a60f6a303f550d182d119fa71f06835c,2182526835,development/styled/pattern_74346/input.png,c4a6a74335ae4aa82e9916b1c6d45f033ba2ae6085a7d13bdc22472168c3f738,development/styled/pattern_74346/mi.json,6920a0171b51b6668d2f7bc0eb73e261179aecf3915c6a3bdd5444910c5ddebf,development/styled/pattern_74346/gt.json,6e7cf9dd223bf6901822c004eb4990631a633996d193901cd1cb63c0cfa20ead
real_like_pattern_74346,pattern_74346,real_like,development,66d598120cdcdfed0c384b701b460424a60f6a303f550d182d119fa71f06835c,583236593,development/real_like/pattern_74346/input.png,09df5063269d16a2dfc4bd5e863a4c2dd181e9b58611faa1128a89f9833b8e84,development/real_like/pattern_74346/mi.json,6920a0171b51b6668d2f7bc0eb73e261179aecf3915c6a3bdd5444910c5ddebf,development/real_like/pattern_74346/gt.json,6e7cf9dd223bf6901822c004eb4990631a633996d193901cd1cb63c0cfa20ead
clean_pattern_74347,pattern_74347,clean,development,90afd2df6a642c12af361b211c74f78fa4fee5e8ff62591644ea31eb5f796a86,3153862110,development/clean/pattern_74347/input.png,81b510f850d67b277f605a3a70cf88d02c5f860470979791fa8cf2af146488ce,development/clean/pattern_74347/mi.json,e7a90995a0628a28dd38865936a0a042313b9112349dc3a123306345196028bb,development/clean/pattern_74347/gt.json,a03d107a07c7478601b2b14629b8c05ef217a1d227c8ca6efc7e2a7c6eb06c07
styled_pattern_74347,pattern_74347,styled,development,90afd2df6a642c12af361b211c74f78fa4fee5e8ff62591644ea31eb5f796a86,1093570307,development/styled/pattern_74347/input.png,89f3dfa72d6713e4f444175f82f3b24a455042f295bef6ab0c06af4594a393e6,development/styled/pattern_74347/mi.json,e7a90995a0628a28dd38865936a0a042313b9112349dc3a123306345196028bb,development/styled/pattern_74347/gt.json,a03d107a07c7478601b2b14629b8c05ef217a1d227c8ca6efc7e2a7c6eb06c07
real_like_pattern_74347,pattern_74347,real_like,development,90afd2df6a642c12af361b211c74f78fa4fee5e8ff62591644ea31eb5f796a86,3809987170,development/real_like/pattern_74347/input.png,d03094c9c300aeb89a9ce0e37bfe4ad84a227960e282a2170bdc8dc94a715057,development/real_like/pattern_74347/mi.json,e7a90995a0628a28dd38865936a0a042313b9112349dc3a123306345196028bb,development/real_like/pattern_74347/gt.json,a03d107a07c7478601b2b14629b8c05ef217a1d227c8ca6efc7e2a7c6eb06c07
clean_pattern_74381,pattern_74381,clean,development,43424e55d7b0d4d9bf354d3ea3f3e8448d55114e56a90e3013ff3555d5bd786d,1370898131,development/clean/pattern_74381/input.png,a6299ed3e3d7a36e8541150db79a4401bafddd2b51da809c6f1689d8dcf4103e,development/clean/pattern_74381/mi.json,dbeffb0db1c5a8182225a36ab84cf2ec1e7d5f1239d22cb34eab5db2a6f37395,development/clean/pattern_74381/gt.json,ef4f626c6cf26e4f9368a3cead715a42845131a9b3db59e01308aaec342ca6ec
styled_pattern_74381,pattern_74381,styled,development,43424e55d7b0d4d9bf354d3ea3f3e8448d55114e56a90e3013ff3555d5bd786d,736007178,development/styled/pattern_74381/input.png,9cef8c26e870d4513da5e7dd497c48dac15446c203b470815f06ca61c01243bf,development/styled/pattern_74381/mi.json,dbeffb0db1c5a8182225a36ab84cf2ec1e7d5f1239d22cb34eab5db2a6f37395,development/styled/pattern_74381/gt.json,ef4f626c6cf26e4f9368a3cead715a42845131a9b3db59e01308aaec342ca6ec
real_like_pattern_74381,pattern_74381,real_like,development,43424e55d7b0d4d9bf354d3ea3f3e8448d55114e56a90e3013ff3555d5bd786d,2534424750,development/real_like/pattern_74381/input.png,7a73b4a2f2bd78a3be40d252ff4fe15b869ebdf58bbd0817c13b6fb992297e23,development/real_like/pattern_74381/mi.json,dbeffb0db1c5a8182225a36ab84cf2ec1e7d5f1239d22cb34eab5db2a6f37395,development/real_like/pattern_74381/gt.json,ef4f626c6cf26e4f9368a3cead715a42845131a9b3db59e01308aaec342ca6ec
clean_pattern_74392,pattern_74392,clean,development,30251c9e1e21e7c7b3f882b52abc9a88b0176a30de557f7897432ed3848ce566,3811272939,development/clean/pattern_74392/input.png,5f30e003ecb6fd1e391e660745fe9a87159bd626ce64054d796f420202cb65d8,development/clean/pattern_74392/mi.json,024678901ed7e737b5c47284730ca5e609cb7c52b1ff3c12c96ed83ddb267fbf,development/clean/pattern_74392/gt.json,0d9e35701593d62704c190080beb4fe09bccc88aa46811aec769c58e742c866a
styled_pattern_74392,pattern_74392,styled,development,30251c9e1e21e7c7b3f882b52abc9a88b0176a30de557f7897432ed3848ce566,1900458459,development/styled/pattern_74392/input.png,7a015bc73d3bbccade8c7da3d0e07ecd5395d5be0e6258548089d92be79b2375,development/styled/pattern_74392/mi.json,024678901ed7e737b5c47284730ca5e609cb7c52b1ff3c12c96ed83ddb267fbf,development/styled/pattern_74392/gt.json,0d9e35701593d62704c190080beb4fe09bccc88aa46811aec769c58e742c866a
real_like_pattern_74392,pattern_74392,real_like,development,30251c9e1e21e7c7b3f882b52abc9a88b0176a30de557f7897432ed3848ce566,3356100397,development/real_like/pattern_74392/input.png,425ecee6620d8769f6b136448acaad49299773de2672b46a07169efb6faf1cbf,development/real_like/pattern_74392/mi.json,024678901ed7e737b5c47284730ca5e609cb7c52b1ff3c12c96ed83ddb267fbf,development/real_like/pattern_74392/gt.json,0d9e35701593d62704c190080beb4fe09bccc88aa46811aec769c58e742c866a
clean_pattern_74680,pattern_74680,clean,development,7c7b9fe3e3153e8f3d26a98ec0bac13f60f907e430d314905b29001c1efc9bf5,1892140024,development/clean/pattern_74680/input.png,2c4a7d5000a6034938750ff8281ae2612a33e9d0f003629a6d7d8ac97eca015e,development/clean/pattern_74680/mi.json,d551006eac4bd411e9bf912a6f46e965cbbaa27d38a9143d7adf55f7b2d58cb2,development/clean/pattern_74680/gt.json,c37506d70913cbd20228f943ca9b979849466e60938073728a19e4700a0977b7
styled_pattern_74680,pattern_74680,styled,development,7c7b9fe3e3153e8f3d26a98ec0bac13f60f907e430d314905b29001c1efc9bf5,3789433042,development/styled/pattern_74680/input.png,e0d183b40c6cab3db80669197cd7cf5ddf7ebc326eda9ff853eb05bb2f2cd535,development/styled/pattern_74680/mi.json,d551006eac4bd411e9bf912a6f46e965cbbaa27d38a9143d7adf55f7b2d58cb2,development/styled/pattern_74680/gt.json,c37506d70913cbd20228f943ca9b979849466e60938073728a19e4700a0977b7
real_like_pattern_74680,pattern_74680,real_like,development,7c7b9fe3e3153e8f3d26a98ec0bac13f60f907e430d314905b29001c1efc9bf5,3231430909,development/real_like/pattern_74680/input.png,85cdf46c8e473612bce78f075118fdbfde39718927f0c4cb8c3e592d66333678,development/real_like/pattern_74680/mi.json,d551006eac4bd411e9bf912a6f46e965cbbaa27d38a9143d7adf55f7b2d58cb2,development/real_like/pattern_74680/gt.json,c37506d70913cbd20228f943ca9b979849466e60938073728a19e4700a0977b7
clean_pattern_74902,pattern_74902,clean,development,ae3e03acffdbb348bffd20ead6d43ce5fb33604b87ebcf64793ca2ab6cc9f0e1,3816626447,development/clean/pattern_74902/input.png,cda6c233a8504d66743738ba2cee50f87d0a3e85facf86da3a8ab94dd80f9870,development/clean/pattern_74902/mi.json,94a5c6505d7f3d244a529a3f86903cb2926d41efde2ab1290bc5fa66aacb9038,development/clean/pattern_74902/gt.json,3ad9cb4ee8dd0172772f9888fcb3666d8e4d458ae3b9ec45df193b8f7ea4e402
styled_pattern_74902,pattern_74902,styled,development,ae3e03acffdbb348bffd20ead6d43ce5fb33604b87ebcf64793ca2ab6cc9f0e1,2776200576,development/styled/pattern_74902/input.png,044ade85d304c0446d13b1696a37e2f0fed74be7c98bb985a715a9d055568c69,development/styled/pattern_74902/mi.json,94a5c6505d7f3d244a529a3f86903cb2926d41efde2ab1290bc5fa66aacb9038,development/styled/pattern_74902/gt.json,3ad9cb4ee8dd0172772f9888fcb3666d8e4d458ae3b9ec45df193b8f7ea4e402
real_like_pattern_74902,pattern_74902,real_like,development,ae3e03acffdbb348bffd20ead6d43ce5fb33604b87ebcf64793ca2ab6cc9f0e1,715847805,development/real_like/pattern_74902/input.png,e89b91828e032db1b6a5e6ce2070f605ee7c67095c758acc3d85fdf2de0d9666,development/real_like/pattern_74902/mi.json,94a5c6505d7f3d244a529a3f86903cb2926d41efde2ab1290bc5fa66aacb9038,development/real_like/pattern_74902/gt.json,3ad9cb4ee8dd0172772f9888fcb3666d8e4d458ae3b9ec45df193b8f7ea4e402
clean_pattern_75013,pattern_75013,clean,development,3821d56c02598b660be488f60cda86e55e5cfa39d80eee9d6b53f9ee6488c8d4,1040349424,development/clean/pattern_75013/input.png,cf6bd94b2ad9a1e61edac94d54b80504a3fa81d2596958b8e6c46ab47bb91a57,development/clean/pattern_75013/mi.json,3dca78f156b53ac612676c0986171e09f3330aa3cce72dbacc1b5d8a9a936a2c,development/clean/pattern_75013/gt.json,82c2914c4c1a8177adcf3f8ceb4d592f1d1cf80566c2d4e83a9bb8fea3347e29
styled_pattern_75013,pattern_75013,styled,development,3821d56c02598b660be488f60cda86e55e5cfa39d80eee9d6b53f9ee6488c8d4,533680174,development/styled/pattern_75013/input.png,dd76794613b123d8d61da4d019cc52174fae56c2d40decfde662130dbf536132,development/styled/pattern_75013/mi.json,3dca78f156b53ac612676c0986171e09f3330aa3cce72dbacc1b5d8a9a936a2c,development/styled/pattern_75013/gt.json,82c2914c4c1a8177adcf3f8ceb4d592f1d1cf80566c2d4e83a9bb8fea3347e29
real_like_pattern_75013,pattern_75013,real_like,development,3821d56c02598b660be488f60cda86e55e5cfa39d80eee9d6b53f9ee6488c8d4,702371726,development/real_like/pattern_75013/input.png,6f49b0b9d438bf923e2b5b88f2712839e7bb6563f3fd838b226f6cf300571017,development/real_like/pattern_75013/mi.json,3dca78f156b53ac612676c0986171e09f3330aa3cce72dbacc1b5d8a9a936a2c,development/real_like/pattern_75013/gt.json,82c2914c4c1a8177adcf3f8ceb4d592f1d1cf80566c2d4e83a9bb8fea3347e29
clean_pattern_75068,pattern_75068,clean,development,fad4130e3c9d5e3a81b5f2669504dcf24a3be6ebfebf0f2d9aadc1a9fbdb11a3,698119108,development/clean/pattern_75068/input.png,e6225608c83b6611042402ab3332066dffae1f0cb3d94ac0aa974524b0007a26,development/clean/pattern_75068/mi.json,ea90d7f59db70b6dd2b24ee62f7c8556bbbf99b0cf03896cc4a458385a28a6d6,development/clean/pattern_75068/gt.json,622d58bbd84a88da315d4a794fb30d5a5fb67fbdfefe92e66c58d79fe16082b0
styled_pattern_75068,pattern_75068,styled,development,fad4130e3c9d5e3a81b5f2669504dcf24a3be6ebfebf0f2d9aadc1a9fbdb11a3,2362449006,development/styled/pattern_75068/input.png,8e710a8614a6228b16d85ed8d4969fe8e5eb3d58e983a8cc859e89f53c99aaaa,development/styled/pattern_75068/mi.json,ea90d7f59db70b6dd2b24ee62f7c8556bbbf99b0cf03896cc4a458385a28a6d6,development/styled/pattern_75068/gt.json,622d58bbd84a88da315d4a794fb30d5a5fb67fbdfefe92e66c58d79fe16082b0
real_like_pattern_75068,pattern_75068,real_like,development,fad4130e3c9d5e3a81b5f2669504dcf24a3be6ebfebf0f2d9aadc1a9fbdb11a3,1284428260,development/real_like/pattern_75068/input.png,90e0487b879c8049f2a8c07a5cd595edbce2a2d78134b379bca34d54dfb5dc59,development/real_like/pattern_75068/mi.json,ea90d7f59db70b6dd2b24ee62f7c8556bbbf99b0cf03896cc4a458385a28a6d6,development/real_like/pattern_75068/gt.json,622d58bbd84a88da315d4a794fb30d5a5fb67fbdfefe92e66c58d79fe16082b0
clean_pattern_75079,pattern_75079,clean,development,f69f3cefb98568897b9e617649db429ae389fd73b1f42ba7b72fc99c47fd090a,1809190775,development/clean/pattern_75079/input.png,946270029c6a8ad0bdd3df042a7925129636d6fbdfd4fbf9be071604a3c7ba45,development/clean/pattern_75079/mi.json,276aa1aa28e31c703fa5281c068a1be4074f3b3f2254eadab8e0b2223cbe8690,development/clean/pattern_75079/gt.json,a4ae78bc61dd5ec0cd9a90ea041dda3bc1ebd9a67dd1cc0c98e2b45e5c11ba02
styled_pattern_75079,pattern_75079,styled,development,f69f3cefb98568897b9e617649db429ae389fd73b1f42ba7b72fc99c47fd090a,3235921118,development/styled/pattern_75079/input.png,9f6d5566337aea098509aee6e2e60063f21179476863c0771735406546ee09fe,development/styled/pattern_75079/mi.json,276aa1aa28e31c703fa5281c068a1be4074f3b3f2254eadab8e0b2223cbe8690,development/styled/pattern_75079/gt.json,a4ae78bc61dd5ec0cd9a90ea041dda3bc1ebd9a67dd1cc0c98e2b45e5c11ba02
real_like_pattern_75079,pattern_75079,real_like,development,f69f3cefb98568897b9e617649db429ae389fd73b1f42ba7b72fc99c47fd090a,1367761736,development/real_like/pattern_75079/input.png,e08eb89527efc1eeb64430b3965376f3d8b4647ff94d71fce27579aad2c14b48,development/real_like/pattern_75079/mi.json,276aa1aa28e31c703fa5281c068a1be4074f3b3f2254eadab8e0b2223cbe8690,development/real_like/pattern_75079/gt.json,a4ae78bc61dd5ec0cd9a90ea041dda3bc1ebd9a67dd1cc0c98e2b45e5c11ba02
clean_pattern_75375,pattern_75375,clean,development,4720bf5d5e69d6ac861689df0a600351791db59d38ed551bc30a4a96ecc2e4b9,643360727,development/clean/pattern_75375/input.png,99b5f5c1d1a54a20119696a029622b10f6cd8dda81abe41ff25323e1cea8a2f6,development/clean/pattern_75375/mi.json,4fdf219de59ef0bd7dfd27bc52d172a273b29bc0f114efd246adf587aa4d0f64,development/clean/pattern_75375/gt.json,ce75ab75a49e0dbec5c7b438aaec14483eaaa7ab7c278da736eb756a26aa1b6f
styled_pattern_75375,pattern_75375,styled,development,4720bf5d5e69d6ac861689df0a600351791db59d38ed551bc30a4a96ecc2e4b9,3272610533,development/styled/pattern_75375/input.png,a93fc49cabff542868060112cded794b1cc1341c3df26b0aa334ac968b7e25fc,development/styled/pattern_75375/mi.json,4fdf219de59ef0bd7dfd27bc52d172a273b29bc0f114efd246adf587aa4d0f64,development/styled/pattern_75375/gt.json,ce75ab75a49e0dbec5c7b438aaec14483eaaa7ab7c278da736eb756a26aa1b6f
real_like_pattern_75375,pattern_75375,real_like,development,4720bf5d5e69d6ac861689df0a600351791db59d38ed551bc30a4a96ecc2e4b9,46909469,development/real_like/pattern_75375/input.png,b031b98117d2318eadd93508a39c9961785d2acb77c7d0084721c3a3498fad4b,development/real_like/pattern_75375/mi.json,4fdf219de59ef0bd7dfd27bc52d172a273b29bc0f114efd246adf587aa4d0f64,development/real_like/pattern_75375/gt.json,ce75ab75a49e0dbec5c7b438aaec14483eaaa7ab7c278da736eb756a26aa1b6f
clean_pattern_80400,pattern_80400,clean,development,3160ba4bc08f9ded553ebeee0c188519cd803eed019c98a8fa0f04e092e22cad,2503428988,development/clean/pattern_80400/input.png,f66551401aa55040bb982ab2390361965ec3b49862edb3926f17a5fb832cb95e,development/clean/pattern_80400/mi.json,65d39833f066bd401a630f2b758c82c7687dd1fe2c5f2b0afaedfb2601e9cd89,development/clean/pattern_80400/gt.json,15f22d3012a9f740da08e5ad530c469833223319dfb77af959115f08dcd70452
styled_pattern_80400,pattern_80400,styled,development,3160ba4bc08f9ded553ebeee0c188519cd803eed019c98a8fa0f04e092e22cad,1856998670,development/styled/pattern_80400/input.png,b86b0d64a41131d8ca72f01b8b4254f4a21fa1724fd5a09d795efbcaf45bee2b,development/styled/pattern_80400/mi.json,65d39833f066bd401a630f2b758c82c7687dd1fe2c5f2b0afaedfb2601e9cd89,development/styled/pattern_80400/gt.json,15f22d3012a9f740da08e5ad530c469833223319dfb77af959115f08dcd70452
real_like_pattern_80400,pattern_80400,real_like,development,3160ba4bc08f9ded553ebeee0c188519cd803eed019c98a8fa0f04e092e22cad,2159323683,development/real_like/pattern_80400/input.png,0a9a625a8fde9c5418b344c62eab44900a0e33d2a8dada6d28cd005b52dfe73c,development/real_like/pattern_80400/mi.json,65d39833f066bd401a630f2b758c82c7687dd1fe2c5f2b0afaedfb2601e9cd89,development/real_like/pattern_80400/gt.json,15f22d3012a9f740da08e5ad530c469833223319dfb77af959115f08dcd70452
clean_pattern_80510,pattern_80510,clean,development,b77d73cb9840ab630e5ded4a91203afb2c45cf164f6ab09134c71162b61b023f,597988192,development/clean/pattern_80510/input.png,042303b1bec12c1a3003a9494c4c8bdc9e8bd81ed529da0592e3c67c736b895a,development/clean/pattern_80510/mi.json,0cd44bbceba99404c54be601bfaa4cee6de41396a3cb9792869cca2311130aa5,development/clean/pattern_80510/gt.json,30a7e55936a31cc43acdccf8fe8b5fca081003c2cddf6d903af7e5fa52c7f580
styled_pattern_80510,pattern_80510,styled,development,b77d73cb9840ab630e5ded4a91203afb2c45cf164f6ab09134c71162b61b023f,2548513917,development/styled/pattern_80510/input.png,f2599a0a34b96617ac1c90ea9317fe33325ec077311272c0908a01bc1d6a46f0,development/styled/pattern_80510/mi.json,0cd44bbceba99404c54be601bfaa4cee6de41396a3cb9792869cca2311130aa5,development/styled/pattern_80510/gt.json,30a7e55936a31cc43acdccf8fe8b5fca081003c2cddf6d903af7e5fa52c7f580
real_like_pattern_80510,pattern_80510,real_like,development,b77d73cb9840ab630e5ded4a91203afb2c45cf164f6ab09134c71162b61b023f,2254829603,development/real_like/pattern_80510/input.png,f5110909fccdccfc5a1b0a6e7976e35da664767850ed54e9650780523cb5a36c,development/real_like/pattern_80510/mi.json,0cd44bbceba99404c54be601bfaa4cee6de41396a3cb9792869cca2311130aa5,development/real_like/pattern_80510/gt.json,30a7e55936a31cc43acdccf8fe8b5fca081003c2cddf6d903af7e5fa52c7f580
clean_pattern_83398,pattern_83398,clean,development,57af991d8a201921e6aa39c7b1a8ad79d05e18409996d00c3952f0f6ec00cf96,897086293,development/clean/pattern_83398/input.png,23a58426ea73c87db4bf2e30e257ab5c767093ddae8afd74191c96ae3e89ed76,development/clean/pattern_83398/mi.json,a7c0b7b86e22d1c1e4808602367af4da4a6f46e70bb350d63860136b01e5b1ff,development/clean/pattern_83398/gt.json,a712eebe77a1107806a284dd42cb8feeeea30bca630a44531c9e956c133f42a0
styled_pattern_83398,pattern_83398,styled,development,57af991d8a201921e6aa39c7b1a8ad79d05e18409996d00c3952f0f6ec00cf96,4100189981,development/styled/pattern_83398/input.png,723ce41f3cd18ea4724e04b5353536154137d9dd93cb2694eed8145cbac325ca,development/styled/pattern_83398/mi.json,a7c0b7b86e22d1c1e4808602367af4da4a6f46e70bb350d63860136b01e5b1ff,development/styled/pattern_83398/gt.json,a712eebe77a1107806a284dd42cb8feeeea30bca630a44531c9e956c133f42a0
real_like_pattern_83398,pattern_83398,real_like,development,57af991d8a201921e6aa39c7b1a8ad79d05e18409996d00c3952f0f6ec00cf96,242926202,development/real_like/pattern_83398/input.png,70b54a6982836ad5f98d042af07f2bd2cbb51042b181a0e68e623dbe4db0aba4,development/real_like/pattern_83398/mi.json,a7c0b7b86e22d1c1e4808602367af4da4a6f46e70bb350d63860136b01e5b1ff,development/real_like/pattern_83398/gt.json,a712eebe77a1107806a284dd42cb8feeeea30bca630a44531c9e956c133f42a0
clean_pattern_83520,pattern_83520,clean,development,6e5e1060988b678f9222dd2b28b99a2d0a4d22cd4d4d34030b02627dbd859b10,1515763759,development/clean/pattern_83520/input.png,f2eb1fdc47bb4f14d012b787b414a4a036a969d84e2d8858642bf26765ea9ad6,development/clean/pattern_83520/mi.json,174590c362013ad4f97a9ebb0ae02dff1ca61a1cb338d436e39720152cd88a1c,development/clean/pattern_83520/gt.json,508788350966e8ecc0907073d468364acbee9c158d90bfbf9689af08f10629f2
styled_pattern_83520,pattern_83520,styled,development,6e5e1060988b678f9222dd2b28b99a2d0a4d22cd4d4d34030b02627dbd859b10,4217413002,development/styled/pattern_83520/input.png,f4ff8cf94055aafb6bbda825aab6f9e5b1643b8430d0497e598fdc621eedbfcb,development/styled/pattern_83520/mi.json,174590c362013ad4f97a9ebb0ae02dff1ca61a1cb338d436e39720152cd88a1c,development/styled/pattern_83520/gt.json,508788350966e8ecc0907073d468364acbee9c158d90bfbf9689af08f10629f2
real_like_pattern_83520,pattern_83520,real_like,development,6e5e1060988b678f9222dd2b28b99a2d0a4d22cd4d4d34030b02627dbd859b10,2991317444,development/real_like/pattern_83520/input.png,9a79f8b34bbd2af3df2e14783932a31910c7a6dc5c75c614cd5bc4fe0ba9d4ab,development/real_like/pattern_83520/mi.json,174590c362013ad4f97a9ebb0ae02dff1ca61a1cb338d436e39720152cd88a1c,development/real_like/pattern_83520/gt.json,508788350966e8ecc0907073d468364acbee9c158d90bfbf9689af08f10629f2
