test_id,sample_id,domain,mae_norm_before,mae_norm_after,range_ratio_before,range_ratio_after,peak_precision_before,peak_precision_after,peak_recall_before,peak_recall_after,seconds_median_before,seconds_median_after,sha256_input_image,sha256_mi_json,sha256_gt_json
clean_pattern_1,pattern_1,clean,0.006068930760882783,0.005069317161029188,1.0018249886978539,0.9990413476692426,0.875,1.0,1.0,1.0,0.02409899999999987,0.010072250000000005,0b68697418df1ad8ec16626fc720c953dc0c83d0f63a1c77c0f8ca75965c7e0c,3c46d818cf5d10f0bdd34a8a0706fd5b177c01cd417e3bbd9da9b91af86edd59,61a7ce3a3783d4ee615937158cd42ccd5e3430643d829df5acb0d7440b36b9c9
styled_pattern_1,pattern_1,styled,0.006201594471955629,0.005007219124111632,1.0019536678525922,0.999074927884695,0.875,1.0,1.0,1.0,0.023493707999999947,0.01389037500000001,27778119a469a031edb040136ae4b47751777697fb3f2adcc0fa87223ae25ef7,3c46d818cf5d10f0bdd34a8a0706fd5b177c01cd417e3bbd9da9b91af86edd59,61a7ce3a3783d4ee615937158cd42ccd5e3430643d829df5acb0d7440b36b9c9
real_like_pattern_1,pattern_1,real_like,0.7864113759039556,0.005244364518080766,0.891713661382403,0.9988935775678046,0.09803921568627451,1.0,0.7142857142857143,1.0,0.024810583000000053,0.009850332999999933,9c0b9ee9ccb42623c90d327018911385153e923e4e41f5d407e155cfef74ceb7,3c46d818cf5d10f0bdd34a8a0706fd5b177c01cd417e3bbd9da9b91af86edd59,61a7ce3a3783d4ee615937158cd42ccd5e3430643d829df5acb0d7440b36b9c9
clean_pattern_1076,pattern_1076,clean,0.01736695886310856,0.015276014678462046,0.9703845964067553,0.9719799141567866,1.0,1.0,0.17777777777777778,0.17777777777777778,0.024277082999999866,0.01127512499999983,6641a8cdd0797591448ee2fbac3fbffb4d3d1da1b0da245bebf31335c28904a5,d277fa5dffb274e09d1bfc0ae97ff72c255e3e4a7ee7bfce897d77a9c069f019,8ebce2d25d46bf186e5ab56740f456ef43d2457d7e6f3a833465809d200d50a0
styled_pattern_1076,pattern_1076,styled,0.01722007653872299,0.015270127087911164,0.9704739703922238,0.9719956427157361,1.0,1.0,0.17777777777777778,0.17777777777777778,0.024098707999999913,0.015254667,5321ea04fa6bd86b86c403ddd29d43e71f8fb876a7629fad084cacbf2b9268f9,d277fa5dffb274e09d1bfc0ae97ff72c255e3e4a7ee7bfce897d77a9c069f019,8ebce2d25d46bf186e5ab56740f456ef43d2457d7e6f3a833465809d200d50a0
real_like_pattern_1076,pattern_1076,real_like,0.017728288175175244,0.01545944682861237,0.9711596093131165,0.9718686043549906,1.0,1.0,0.17777777777777778,0.17777777777777778,0.024034208000000223,0.010474959000000172,bb2c305e28bf72753ef4ab063fd1368a30a092c21b9206cac302a41a7b3e17b1,d277fa5dffb274e09d1bfc0ae97ff72c255e3e4a7ee7bfce897d77a9c069f019,8ebce2d25d46bf186e5ab56740f456ef43d2457d7e6f3a833465809d200d50a0
clean_pattern_1109,pattern_1109,clean,0.012855317345450047,0.011424744866703472,0.9801485648642599,0.9704603736465703,1.0,1.0,0.4,0.4,0.02424891699999998,0.01043475000000016,4ad33a1b62e096046f1f3c1bc8523fb70532abfa7ab3a014150c7a20f96c570f,0ed6164a766da7d9eb2866f21bdb69de1880c0fad36b0f69a83550135703e187,1e8514ec713d4dba27e57dbab40135a28bde8bd7b7b57edc08bc3f0141b09d3f
styled_pattern_1109,pattern_1109,styled,0.012968588025797133,0.011359122327775566,0.9802507575756683,0.9704652062892088,1.0,1.0,0.4,0.4,0.02376883399999974,0.014208290999999873,c855f75fd3e3c2e5775c5f78eafc15d55ae87dd941a1fb5673ee59d261a71cd5,0ed6164a766da7d9eb2866f21bdb69de1880c0fad36b0f69a83550135703e187,1e8514ec713d4dba27e57dbab40135a28bde8bd7b7b57edc08bc3f0141b09d3f
real_like_pattern_1109,pattern_1109,real_like,0.0708677241159728,0.011539887557638562,0.9816119519188989,0.970168057701596,0.1506849315068493,1.0,0.7333333333333333,0.4,0.023633416000000018,0.010552665999999933,43e5d7c3361028a0724df1cd8a344b1d5508d6cfdab919c4b64e9e8118604bc0,0ed6164a766da7d9eb2866f21bdb69de1880c0fad36b0f69a83550135703e187,1e8514ec713d4dba27e57dbab40135a28bde8bd7b7b57edc08bc3f0141b09d3f
clean_pattern_1220,pattern_1220,clean,0.013556557932050883,0.011821220475740966,0.9902626261440428,0.991468742025158,1.0,1.0,0.4117647058823529,0.4117647058823529,0.024196125000000013,0.010470082999999963,26eb6fae5740675d42069e0656d82cd41ba9d946459aafb2a76d52b383ae1cb3,a1a46e6a008121954b0829e75fe52857115b2b1640a6f9043777177abe865d46,1c627629b988511ce96c90e347cc2fe798c52bac08c2d1a6de4ab1f85add66d7
styled_pattern_1220,pattern_1220,styled,0.01357234280351744,0.011781978922942788,0.990182766757436,0.9914692492989385,1.0,1.0,0.4117647058823529,0.4117647058823529,0.024495625000000132,0.013905500000000126,39e4e162d32785f42758ffa0abdd0912f6fe47c49995d8956a79f95d7429fe9f,a1a46e6a008121954b0829e75fe52857115b2b1640a6f9043777177abe865d46,1c627629b988511ce96c90e347cc2fe798c52bac08c2d1a6de4ab1f85add66d7
real_like_pattern_1220,pattern_1220,real_like,0.013768439469946043,0.011926566762341932,0.9877488671580048,0.9909898755762494,1.0,1.0,0.4117647058823529,0.4117647058823529,0.02317849999999977,0.010437542000000022,e41cfd18668f257f84f683a4d4a08427bfb7fd104a672898662b48f7eb98aad5,a1a46e6a008121954b0829e75fe52857115b2b1640a6f9043777177abe865d46,1c627629b988511ce96c90e347cc2fe798c52bac08c2d1a6de4ab1f85add66d7
clean_pattern_1225,pattern_1225,clean,0.014630828230100165,0.014294349658336357,0.9699670724307269,0.9705254262978784,1.0,1.0,0.20689655172413793,0.20689655172413793,0.02394454200000018,0.011152417000000137,dcadeb74f3dbb6da4fcfd4feaa05918299a261e381cbfa8270818964a51cec13,d2d3f72d6b23fe27b88bc1749e2818df93477fbaccad415b426be32fc629130d,475c46f5aada1d9a8f4c3a3deaccc3126c646172c0affd9e90f4837769731e07
styled_pattern_1225,pattern_1225,styled,0.01464470244347922,0.014228913940595098,0.9699549599033286,0.9706053353327976,1.0,1.0,0.20689655172413793,0.20689655172413793,0.02407133299999975,0.014787875000000117,f3a142a23a9f5aa6d9ef24bf40c02f8963986124736f6f24a78f456dd7a5994a,d2d3f72d6b23fe27b88bc1749e2818df93477fbaccad415b426be32fc629130d,475c46f5aada1d9a8f4c3a3deaccc3126c646172c0affd9e90f4837769731e07
real_like_pattern_1225,pattern_1225,real_like,1.0160832911523459,0.014434866603526473,1.0315766860091393,0.970321279742353,0.0,1.0,0.0,0.20689655172413793,0.021999917000000035,0.011049375000000028,22c6119b0ad95369d496b1fef41de4de9199a734cdd37d9abe419c1590105f8f,d2d3f72d6b23fe27b88bc1749e2818df93477fbaccad415b426be32fc629130d,475c46f5aada1d9a8f4c3a3deaccc3126c646172c0affd9e90f4837769731e07
clean_pattern_1232,pattern_1232,clean,0.01431569417299866,0.012572505082796953,0.9780105098249855,0.9788238664339107,1.0,1.0,0.3333333333333333,0.3333333333333333,0.02497637500000005,0.011500417000000152,a513267bffcf13b29ade0d8494f9e34c37ae007251a6454a53397490194f77a9,de6ad97fece9cd5d835a6acec8429131272422f4ce9dfd77078ce298f15233e6,97c0a1041234775e9295c81d388e0c7d659cb7fb33c13648a307fc6a7f2345dc
styled_pattern_1232,pattern_1232,styled,0.014312231514456045,0.012521813713946749,0.9780989570744372,0.9788278053802426,1.0,1.0,0.3333333333333333,0.3333333333333333,0.023979250000000008,0.015449999999999964,dde609b497d584d5b9452f7200068a90d3e6a29e6157791f04b5e69acd25eb0f,de6ad97fece9cd5d835a6acec8429131272422f4ce9dfd77078ce298f15233e6,97c0a1041234775e9295c81d388e0c7d659cb7fb33c13648a307fc6a7f2345dc
real_like_pattern_1232,pattern_1232,real_like,0.01468816084497674,0.012630211001438905,0.9773821404592453,0.9787750234993958,1.0,1.0,0.3333333333333333,0.3333333333333333,0.023339791999999804,0.01105420800000001,923528408eb2666ecf22d017795c8c96fb9482b2163f4fef779e245214b50fcd,de6ad97fece9cd5d835a6acec8429131272422f4ce9dfd77078ce298f15233e6,97c0a1041234775e9295c81d388e0c7d659cb7fb33c13648a307fc6a7f2345dc
clean_pattern_1243,pattern_1243,clean,0.016056934750321897,0.014619603668719689,0.9970406142774277,0.9698418097981577,1.0,1.0,0.4375,0.21875,0.02386083399999972,0.011098540999999962,c7b3ff0b1992442da957ecf0e06d9acca3e37b26606aee80a65c96575449523b,3619db7b3f63159db86966fbcc168d658986b818f6bca6708122b26ae96cd6c2,68e465168e72199c3f308988618255d9471c92c4ea7a3722fe83d86221da7f85
styled_pattern_1243,pattern_1243,styled,0.02245642429016587,0.01458214611206697,1.0524675508538732,0.9702607926223787,0.8333333333333334,1.0,0.3125,0.21875,0.024485958000000085,0.014906834000000035,b53c35086889b70937fbfd60f4da6de4f5995185d0af009630296f319870d073,3619db7b3f63159db86966fbcc168d658986b818f6bca6708122b26ae96cd6c2,68e465168e72199c3f308988618255d9471c92c4ea7a3722fe83d86221da7f85
real_like_pattern_1243,pattern_1243,real_like,0.016873929188718884,0.015262705422604635,0.9692290267714059,0.969537109317393,1.0,1.0,0.1875,0.21875,0.024506917000000072,0.01153033300000006,f87131c6fe447e0e2565c31aaad22dd6ba92c0e14c5e468b413b1c66b67721e5,3619db7b3f63159db86966fbcc168d658986b818f6bca6708122b26ae96cd6c2,68e465168e72199c3f308988618255d9471c92c4ea7a3722fe83d86221da7f85
clean_pattern_1244,pattern_1244,clean,0.012767914890182397,0.011370481199239524,0.9967138538613,0.9802552793425383,1.0,1.0,0.8181818181818182,0.6363636363636364,0.024211290999999857,0.011282458000000162,8b6eecf5a1e00cbb4e4d228587356e46c904d26ba24714398a4e83900599e9b9,ffaaf63e321801f1d49e720bf30f900adb1f2bdf68e3a76dcf6d69671fcf645d,8aa14e70c3999fd74a674c14b2dd9e5f79209f70c926a1702e60b9f90ce7654a
styled_pattern_1244,pattern_1244,styled,0.020984309154993018,0.011356740007259204,1.0669978634334454,0.9802491485920222,1.0,1.0,0.6363636363636364,0.6363636363636364,0.02422483299999989,0.01569545799999994,95de56fcc844e3c0e3e716189c9107b75569d9d0c7bb3185faf6756c41002494,ffaaf63e321801f1d49e720bf30f900adb1f2bdf68e3a76dcf6d69671fcf645d,8aa14e70c3999fd74a674c14b2dd9e5f79209f70c926a1702e60b9f90ce7654a
real_like_pattern_1244,pattern_1244,real_like,0.016407612303584732,0.011717037285184266,1.0137081027064199,0.9799306050131147,1.0,1.0,0.6363636363636364,0.6363636363636364,0.024697791999999996,0.010776624999999873,3f7e3997b43e57cc5474e33034f29917d8e5875ea93feba20107831a8bac1c0f,ffaaf63e321801f1d49e720bf30f900adb1f2bdf68e3a76dcf6d69671fcf645d,8aa14e70c3999fd74a674c14b2dd9e5f79209f70c926a1702e60b9f90ce7654a
clean_pattern_1248,pattern_1248,clean,0.015637504124193756,0.013498913877735516,0.9701584607421543,0.9721883887372532,1.0,1.0,0.25,0.25,0.02405862499999989,0.01082695900000008,b6ae7e035947c4bb469e2d60c5ae19338d91bdd89f8cf15756990084651853fd,03562edd12aec3ea0818970c70ed6700e972e48e97e4934f813925d00bfd92c6,a2c989ec72dcc333020a979472655701c46b327adbd9b3ef80127cb4cd3b4374
styled_pattern_1248,pattern_1248,styled,0.015507954277471467,0.013474162194574866,0.9701873334244931,0.9721676263589422,1.0,1.0,0.25,0.25,0.024655334000000195,0.014674166000000266,8a30067ca7e769524915565794e134d9f00cace68d98d37d0765e98c0caf3724,03562edd12aec3ea0818970c70ed6700e972e48e97e4934f813925d00bfd92c6,a2c989ec72dcc333020a979472655701c46b327adbd9b3ef80127cb4cd3b4374
real_like_pattern_1248,pattern_1248,real_like,0.015836648656713324,0.013598061555714124,0.9707055818518646,0.971771194698067,1.0,1.0,0.25,0.25,0.02431075000000016,0.01089795899999979,8332b8f0f8e18425c8724d9c01affd8f0141efa05aebf0909a7b8d97c3e962a9,03562edd12aec3ea0818970c70ed6700e972e48e97e4934f813925d00bfd92c6,a2c989ec72dcc333020a979472655701c46b327adbd9b3ef80127cb4cd3b4374
clean_pattern_1251,pattern_1251,clean,0.014522869231889307,0.012942463397547352,0.9941218772139243,0.9769231995314573,0.9166666666666666,1.0,0.5789473684210527,0.3157894736842105,0.024719874999999725,0.010926583999999906,c6be10b6fa52bb793d9b6afae049afdd84257518504479595649f836a513da28,d5c4ce34bcf2924bbc326bf7dfab35d8ec06fe36ccd0eb39d88c80e9eb77aabd,8931315c6cc9d81cc00a566f88df840dc21d8f4065d8d23db38db46d59a15d08
styled_pattern_1251,pattern_1251,styled,0.05403973413681244,0.012920356895569992,1.0315565294480011,0.9769406725081985,0.25,1.0,0.05263157894736842,0.3157894736842105,0.021719000000000044,0.014828333000000082,3fd2e547835132a2ca23c84c9e2104aed19b59a4b4023216592fc6f3f713cb72,d5c4ce34bcf2924bbc326bf7dfab35d8ec06fe36ccd0eb39d88c80e9eb77aabd,8931315c6cc9d81cc00a566f88df840dc21d8f4065d8d23db38db46d59a15d08
real_like_pattern_1251,pattern_1251,real_like,0.01685774008820236,0.01348774538735261,0.9763810037264791,0.9766503009786933,1.0,1.0,0.3157894736842105,0.3157894736842105,0.02365395900000067,0.011001625000000015,b11cb09006053d9eccd9cd2c1dc55564c01635b7d2d7a89f8a1e19517fe7570c,d5c4ce34bcf2924bbc326bf7dfab35d8ec06fe36ccd0eb39d88c80e9eb77aabd,8931315c6cc9d81cc00a566f88df840dc21d8f4065d8d23db38db46d59a15d08
clean_pattern_1264,pattern_1264,clean,0.008961441909184582,0.007665112995175986,0.9887922859443096,0.988923241568408,1.0,1.0,1.0,1.0,0.023355084000000303,0.010881459000000149,93d71074a2a978bd2c4d96318da65ab01c1895f46d1cc9eedd479f0ffd4fb585,1843ba7e2ab25eb7dcf7196ba6ead1b4c7ec79c3e9ec184545cd460fc69cab24,3382852c53fcc89566fa7458d711b5c76d96744d9d5a5ed7bae1f69d4a34af72
styled_pattern_1264,pattern_1264,styled,0.00894783176960238,0.007650532753669209,0.9880551050702401,0.989732464541676,1.0,1.0,1.0,1.0,0.02468783300000066,0.014402165999999994,5a8efe5d779c66a1209b8402a988cf6efa4f1a30adae2c9e5dbb17837ac5c8c7,1843ba7e2ab25eb7dcf7196ba6ead1b4c7ec79c3e9ec184545cd460fc69cab24,3382852c53fcc89566fa7458d711b5c76d96744d9d5a5ed7bae1f69d4a34af72
real_like_pattern_1264,pattern_1264,real_like,0.00918114291713031,0.007825324874138315,0.9885411162569027,0.9888040686492896,1.0,1.0,1.0,1.0,0.022834542000000013,0.010906041000000144,46793df32be9512f7aa7dde348f7417fabfe34a5cc70792ae6794fc6019cb6f8,1843ba7e2ab25eb7dcf7196ba6ead1b4c7ec79c3e9ec184545cd460fc69cab24,3382852c53fcc89566fa7458d711b5c76d96744d9d5a5ed7bae1f69d4a34af72
clean_pattern_1360,pattern_1360,clean,0.07894819185305178,0.07230671462314237,0.7167861801539129,0.6955389118711982,1.0,1.0,0.21176470588235294,0.24411764705882352,0.02325254199999982,0.011216665999999709,3a0a901100fc1066588e3319fd322fcaae9568efec7f41a148f33b5f6a2ddba4,3da861a09a618e5b40bc71805038c76151efd5c12dfa493b843e40175fcdfc66,06aaf518ccbb09568ef863a343cc2d4be2069e0cd8919656e359186b36095a4c
styled_pattern_1360,pattern_1360,styled,0.07900054364166688,0.07211268183931371,0.7168584963598104,0.6955367204710196,1.0,1.0,0.21176470588235294,0.24705882352941178,0.02493329099999997,0.014813540999999653,a9e321adda8ed8ac0596ed7f1dc9ccf212de8d2cdc0ca2b558b6a107981833ee,3da861a09a618e5b40bc71805038c76151efd5c12dfa493b843e40175fcdfc66,06aaf518ccbb09568ef863a343cc2d4be2069e0cd8919656e359186b36095a4c
real_like_pattern_1360,pattern_1360,real_like,0.07934729196036824,0.07208049975870698,0.7167001676968987,0.7374231434868573,1.0,1.0,0.21176470588235294,0.2323529411764706,0.024161999999999573,0.01163445800000007,49d0db821a2e219bf7ea58da32a6c517a7ec75a93deb99bf36e007bd55a794c9,3da861a09a618e5b40bc71805038c76151efd5c12dfa493b843e40175fcdfc66,06aaf518ccbb09568ef863a343cc2d4be2069e0cd8919656e359186b36095a4c
clean_pattern_1365,pattern_1365,clean,0.03235906197846918,0.031101294523280372,0.9125132763058851,0.9176428699581896,1.0,1.0,0.18811881188118812,0.19801980198019803,0.025370833000000204,0.011602333999999992,412b4010b1a7b76485d5f5bb4508fe030722b8b80307550b1fef91998a7befd4,d55f3e5b5c23afae9dad58d147817b8e8379176751d94acd15cb760f7e25ac4c,8aa3b713f2e0601fdb7d92e2e5082aa1c09ac355e2ec4aa42e3542147279a550
styled_pattern_1365,pattern_1365,styled,0.032799956077029624,0.031071198430533714,0.9125301831720158,0.9176544776573241,1.0,1.0,0.18316831683168316,0.19801980198019803,0.024182332999999723,0.015470375000000036,2ec435127b94c84f68a03f1e09f5cc82d91f82d6e570d58a4634a5ed2dcc6157,d55f3e5b5c23afae9dad58d147817b8e8379176751d94acd15cb760f7e25ac4c,8aa3b713f2e0601fdb7d92e2e5082aa1c09ac355e2ec4aa42e3542147279a550
real_like_pattern_1365,pattern_1365,real_like,0.0346074771208634,0.03159844873166334,0.9107208961547478,0.9168204897086393,1.0,1.0,0.1485148514851485,0.18811881188118812,0.024890457999999782,0.011144916000000116,25185bcba0141a82fc6cbcb02afa66f4e0dcfb5ea3609b38d5f6bfb16af43bfa,d55f3e5b5c23afae9dad58d147817b8e8379176751d94acd15cb760f7e25ac4c,8aa3b713f2e0601fdb7d92e2e5082aa1c09ac355e2ec4aa42e3542147279a550
clean_pattern_1368,pattern_1368,clean,0.03704579952920578,0.03671265836332175,0.8314296964901746,0.8325144026228609,1.0,1.0,0.23580786026200873,0.2445414847161572,0.02483508400000023,0.011281499999999944,261a77c086c7c5eb263548e14ee858ccd87512a0a4ccc04a39e519404d59214c,165bb3c309a4c51a063a7e54a6ebd93521ec12a492739593bf034b05805b19c2,f4bc55a426cb1b0f83ea936f5dbb666017a747fbf21f316cd75f6d70991860c6
styled_pattern_1368,pattern_1368,styled,0.03721784868088615,0.03673001357307797,0.8306195298465391,0.8325171541322167,1.0,1.0,0.2314410480349345,0.2445414847161572,0.02484570900000005,0.015665625000000016,83a49a4459c738731fd6d5e983bfadf3d6e592dff8b267d3545016478245faed,165bb3c309a4c51a063a7e54a6ebd93521ec12a492739593bf034b05805b19c2,f4bc55a426cb1b0f83ea936f5dbb666017a747fbf21f316cd75f6d70991860c6
real_like_pattern_1368,pattern_1368,real_like,0.039015381230353675,0.03702382981970868,0.8335232893866336,0.8344095811224447,1.0,1.0,0.22270742358078602,0.2314410480349345,0.025131541999999563,0.011372959000000016,13ce7546b435eec1a5fc062464d2571c1a537831d104f17c5308e74dc04365f0,165bb3c309a4c51a063a7e54a6ebd93521ec12a492739593bf034b05805b19c2,f4bc55a426cb1b0f83ea936f5dbb666017a747fbf21f316cd75f6d70991860c6
clean_pattern_1378,pattern_1378,clean,0.02823478140354859,0.02465481484377208,0.9533202705132215,0.9266139556461375,1.0,1.0,0.24647887323943662,0.14084507042253522,0.024414124999999842,0.011545125000000045,6862b084bd51f36ec2a6bb644cc97189b78ff00af76dc3297844a57e30e17e34,031ff5d0efba34a405b8483a484fbe353fc7c894733d56e5e67183f8444fe98c,0b5ebe5bcc37568c2f1044f6964646f320c23e137e36b28d5417ec7d016a11ad
styled_pattern_1378,pattern_1378,styled,0.027868796124543113,0.024585247156630654,0.9411687738873565,0.926718509439064,0.9629629629629629,1.0,0.18309859154929578,0.14084507042253522,0.02458537500000002,0.014998124999999973,0d25ab8d3d0b49bfcd1a696f56b48486308496cdf1beba30e33d31632cdd5883,031ff5d0efba34a405b8483a484fbe353fc7c894733d56e5e67183f8444fe98c,0b5ebe5bcc37568c2f1044f6964646f320c23e137e36b28d5417ec7d016a11ad
real_like_pattern_1378,pattern_1378,real_like,0.4834757420136405,0.025110465107079226,0.9862551197484722,0.9234975650291226,0.6050955414012739,1.0,0.6690140845070423,0.13380281690140844,0.02466445900000025,0.011247124999999691,6baf064132eb64e55636291efb43eacb171fe33ef03f52e60732a34f027459a7,031ff5d0efba34a405b8483a484fbe353fc7c894733d56e5e67183f8444fe98c,0b5ebe5bcc37568c2f1044f6964646f320c23e137e36b28d5417ec7d016a11ad
clean_pattern_1499,pattern_1499,clean,0.028217469034562872,0.02532009797494274,0.9349695448017123,0.9356223362875511,1.0,1.0,0.0979020979020979,0.13986013986013987,0.02551633400000064,0.011421332999999922,bf5815a4274d25c075fd7a4ddc3546b4bfd97879b4d3fcfb43ebac1529aa19de,dee68b8488482a65bee506e2486111f9e7c8abf5081b99fabfb1edb552a1a886,c245ebd8726d603d5bdc232033a10deb9d8528702167ceceb932515f28513152
styled_pattern_1499,pattern_1499,styled,0.02820136429597318,0.02522219623335851,0.9349484574362988,0.9356342552332193,1.0,1.0,0.1048951048951049,0.13986013986013987,0.024986667000000296,0.015214540999999748,efb8ab0a87ff64c8a19a5af4ef73266f49af8fe7c0e3a10fbf1ecbe455a47618,dee68b8488482a65bee506e2486111f9e7c8abf5081b99fabfb1edb552a1a886,c245ebd8726d603d5bdc232033a10deb9d8528702167ceceb932515f28513152
real_like_pattern_1499,pattern_1499,real_like,0.02963417721302302,0.02551504838297914,0.9347488150963531,0.9353122144896787,1.0,1.0,0.09090909090909091,0.1258741258741259,0.024815457999999957,0.011218541999999943,88dd8d618513bdd1e97af99cc165d42b04ba78d83c51433f20a50521d00b29d3,dee68b8488482a65bee506e2486111f9e7c8abf5081b99fabfb1edb552a1a886,c245ebd8726d603d5bdc232033a10deb9d8528702167ceceb932515f28513152
clean_pattern_1524,pattern_1524,clean,0.03407802629314015,0.030313751744352975,0.8943444444007314,0.8961359023918142,1.0,1.0,0.1507537688442211,0.18592964824120603,0.024922166000000523,0.011302458999999931,c0d0f1254e2fd4bc6fc9e343fcd4c4e6493d9613d7835a2befb8acf8d14f5b1e,8a6afeb195d8dc04c7fba7f565623336008ff197e89547601f6296c3a7655087,7797242019bed7f517ab5891c237418f1b833dfc1c5be27fa10e5c861c4a241a
styled_pattern_1524,pattern_1524,styled,0.03402056724406127,0.030206361415861707,0.8942907709142534,0.8961260669361768,1.0,1.0,0.1507537688442211,0.18592964824120603,0.0259923750000004,0.015086916000000006,4707146562021fe8c578b1d1d796147ead972b9da6f362ab65ca5a6a04ac074d,8a6afeb195d8dc04c7fba7f565623336008ff197e89547601f6296c3a7655087,7797242019bed7f517ab5891c237418f1b833dfc1c5be27fa10e5c861c4a241a
real_like_pattern_1524,pattern_1524,real_like,0.03435930460691898,0.030585750594019488,0.893545805402981,0.8954361799764736,1.0,1.0,0.1457286432160804,0.17587939698492464,0.024696375000000437,0.011494875000000349,35021e64926b22f4a3265bf1ee263a3c880f96d66a20e9722f4429489b193ad1,8a6afeb195d8dc04c7fba7f565623336008ff197e89547601f6296c3a7655087,7797242019bed7f517ab5891c237418f1b833dfc1c5be27fa10e5c861c4a241a
clean_pattern_1534,pattern_1534,clean,0.02930292390089676,0.025962460250530145,0.9394991952049356,0.9393563104970188,1.0,1.0,0.25766871165644173,0.18404907975460122,0.02480516700000024,0.011247791000000174,196ec6aa431fdc60a8822cc5662164004b3b2aa94da496f37eac8e9c6dc3a191,ee31dcbf06232ce2171bb497a0e1a803c37573753fa357a567652139d9ac3493,246014ea06af60e5ddaa8d0f72c5072bb7b5f5857571f59071563567d58f1844
styled_pattern_1534,pattern_1534,styled,0.036290037892477804,0.025858238449449584,0.9396186321659122,0.9394139528749135,0.9411764705882353,1.0,0.19631901840490798,0.18404907975460122,0.02488137499999965,0.015248125000000279,3326aa9632539e25a853150317f0df0ac503e1cc17977399951f1925706e12fb,ee31dcbf06232ce2171bb497a0e1a803c37573753fa357a567652139d9ac3493,246014ea06af60e5ddaa8d0f72c5072bb7b5f5857571f59071563567d58f1844
real_like_pattern_1534,pattern_1534,real_like,0.18545409407041205,0.026301039615875817,0.9039651117065318,0.939121344532889,0.7008547008547008,1.0,0.5030674846625767,0.17177914110429449,0.02381962499999979,0.011292166000000048,e58372a25eb14ff7e09d4b61b4b6430de518ff69431527c9c3ff2e33c48ec40d,ee31dcbf06232ce2171bb497a0e1a803c37573753fa357a567652139d9ac3493,246014ea06af60e5ddaa8d0f72c5072bb7b5f5857571f59071563567d58f1844
clean_pattern_1549,pattern_1549,clean,0.01569026419445169,0.013423644798468836,0.963244860869192,0.964947441180823,1.0,1.0,0.5833333333333334,0.5833333333333334,0.02442037500000005,0.011036041999999746,b3df4ef1a8919cf304a1564a0917630617959a21121bad94aa9de2b6ea390e16,34550c36399e123ecf4a0fcdd0e1e3ce90947a442a805d23a83d1ec1b25323d4,540e9b28d0c9ec1ca07c4d3259ea9f2acffc17d98ec731d637706c1ad65d3263
styled_pattern_1549,pattern_1549,styled,0.015647256964910546,0.013410087524505036,0.9632674423595446,0.9649588120022063,1.0,1.0,0.5833333333333334,0.5833333333333334,0.023679708999999605,0.014764834000000171,01a4bb8086cf2f269b1deecc3c37330d9d56606a8d0ae87dc74a0a2e82f1a6bc,34550c36399e123ecf4a0fcdd0e1e3ce90947a442a805d23a83d1ec1b25323d4,540e9b28d0c9ec1ca07c4d3259ea9f2acffc17d98ec731d637706c1ad65d3263
real_like_pattern_1549,pattern_1549,real_like,0.01594095925842244,0.013626843773510288,0.9638335010662947,0.9646916777759059,1.0,1.0,0.5833333333333334,0.5833333333333334,0.024339999999999584,0.010924582999999988,2794ddde6a1f702354c9ea22279eaa0c56060a338625305a28a5ff95562a9afd,34550c36399e123ecf4a0fcdd0e1e3ce90947a442a805d23a83d1ec1b25323d4,540e9b28d0c9ec1ca07c4d3259ea9f2acffc17d98ec731d637706c1ad65d3263
clean_pattern_1561,pattern_1561,clean,0.012615173508101771,0.010847333177479653,0.996265799517786,0.9832415672753131,1.0,1.0,1.0,0.8571428571428571,0.023571833000000098,0.010887124999999997,6a670f2223c73cefa02043cea27a6b1bed4225c2915b4ce7b37c50720a01144f,ad6e61e38dc00371a0b1683024de6a09863d7774dc671f33d3c22ae43c10b361,09eedc7ca3cc33f47a1adfade1c51a1b45d03a6850c709344338d85ed3cf0583
styled_pattern_1561,pattern_1561,styled,0.012592058475957308,0.010814098686646708,0.9963279113744045,0.9832565454455215,1.0,1.0,1.0,0.8571428571428571,0.02315404199999982,0.014475915999999867,1b5dc0ac888e67fd25ef09e3f0effcc6d6780f4d23ba52b060350ee0f12f4a07,ad6e61e38dc00371a0b1683024de6a09863d7774dc671f33d3c22ae43c10b361,09eedc7ca3cc33f47a1adfade1c51a1b45d03a6850c709344338d85ed3cf0583
real_like_pattern_1561,pattern_1561,real_like,0.015820152611569913,0.01100795372221079,0.9804484357173489,0.9828712141857535,1.0,1.0,0.8571428571428571,0.8571428571428571,0.024056332999999874,0.010817624999999609,c5359b1697364ff421c43a420ac7b2a4f499704ffe591c0dbd6ad79766dfb956,ad6e61e38dc00371a0b1683024de6a09863d7774dc671f33d3c22ae43c10b361,09eedc7ca3cc33f47a1adfade1c51a1b45d03a6850c709344338d85ed3cf0583
clean_pattern_1565,pattern_1565,clean,0.015100640595064819,0.012972208009370566,0.9811465612527759,0.9737560289861493,1.0,1.0,0.5555555555555556,0.5,0.02485112499999964,0.011003249999999909,dc9b156810de5ed6d5dbe5b419adfc77a358b65e6b6966d44750564ef5b63a18,76ed7776296e13ad2d52e0cec18b6e9281e7dcda9fa0347e3c9f42d0dd5e7827,f7c5bcc44083b0dd81c60b745d30eebe7af0c5e2b93d09bd370e8f6a73365168
styled_pattern_1565,pattern_1565,styled,0.017942172500294902,0.01292342481740146,0.9730015104731962,0.973802288786783,1.0,1.0,0.5555555555555556,0.5,0.024869500000000322,0.014739874999999625,9e8531b17c67f9a22ac347413e289f6d9093083c18c19525ed00e9627804e4ac,76ed7776296e13ad2d52e0cec18b6e9281e7dcda9fa0347e3c9f42d0dd5e7827,f7c5bcc44083b0dd81c60b745d30eebe7af0c5e2b93d09bd370e8f6a73365168
real_like_pattern_1565,pattern_1565,real_like,0.01905968352996694,0.01337837161866692,0.9891135269174971,0.9717399482630996,1.0,1.0,0.4444444444444444,0.5,0.023585041999999667,0.010283833999999992,b304310ab5167f76e3056b56041e8a50a1d75bf144d47f10c28a9020d34abf21,76ed7776296e13ad2d52e0cec18b6e9281e7dcda9fa0347e3c9f42d0dd5e7827,f7c5bcc44083b0dd81c60b745d30eebe7af0c5e2b93d09bd370e8f6a73365168
clean_pattern_1595,pattern_1595,clean,0.024673841931091893,0.021296434379862225,0.9514387955854657,0.9600984941867627,1.0,1.0,0.17073170731707318,0.18292682926829268,0.02346841700000013,0.010692915999999997,dbf9879c35532ac33f15045d47da14b457357df514e980d06503f27cf1f35e2a,f2f0f9599779d10a3a5df30ae8d260ea7b171cac60c6abbe1adef017bd3d066a,8d59cef9eb36e6c583b4e9ac6de62d1297c9026c71fe42350a20edd487cfc8b1
styled_pattern_1595,pattern_1595,styled,0.0246507985344348,0.021267935610130986,0.9514498606903298,0.9600723805392837,1.0,1.0,0.17073170731707318,0.18292682926829268,0.024112624999999888,0.01446354099999958,d2dbec8d2abc1b5cfe8e644991cef14ec23ec738402943c8f572af511d477292,f2f0f9599779d10a3a5df30ae8d260ea7b171cac60c6abbe1adef017bd3d066a,8d59cef9eb36e6c583b4e9ac6de62d1297c9026c71fe42350a20edd487cfc8b1
real_like_pattern_1595,pattern_1595,real_like,0.02514771851769389,0.02164961218813676,0.9516968338308943,0.9555423266079626,1.0,1.0,0.15853658536585366,0.17073170731707318,0.023941834000000384,0.010900707999999426,2219a652a20d0af0416c0db8baa78d9493c5f6f83aa5d718054bbad5008afa78,f2f0f9599779d10a3a5df30ae8d260ea7b171cac60c6abbe1adef017bd3d066a,8d59cef9eb36e6c583b4e9ac6de62d1297c9026c71fe42350a20edd487cfc8b1
clean_pattern_16105,pattern_16105,clean,0.006342002660466487,0.005299765665363355,1.0020937242400845,0.9988797215623786,1.0,1.0,1.0,1.0,0.02363104199999988,0.009192582999999921,9de1d9f0e0c588c6d80b9ace388bfd45fcd43a623b060d3f4773d065c1d830f7,1b969d8ca182379211ec0d9382775ded38810ee582290bcf93a021552b6ea346,d69f1739086d9dd7155406b01ba4d28d5c279f87d2f6a415e80cfcf374318d0e
styled_pattern_16105,pattern_16105,styled,0.007447898464576899,0.005285763176278354,1.0041784357925516,0.9994814065677722,1.0,1.0,1.0,1.0,0.02350708300000015,0.013050125000000357,aea132800f93ae472a94176143bdf7abb0a8fc40ba8beceb1aeb28c503635777,1b969d8ca182379211ec0d9382775ded38810ee582290bcf93a021552b6ea346,d69f1739086d9dd7155406b01ba4d28d5c279f87d2f6a415e80cfcf374318d0e
real_like_pattern_16105,pattern_16105,real_like,0.009114725611760126,0.005445649858753421,1.0007088490737548,0.9988807517235337,1.0,1.0,1.0,1.0,0.02316837500000002,0.009495750000000136,e0a049b1c79562fc209d990602f355e0f8eb774f60c8313b4f8e6efa781b4fcc,1b969d8ca182379211ec0d9382775ded38810ee582290bcf93a021552b6ea346,d69f1739086d9dd7155406b01ba4d28d5c279f87d2f6a415e80cfcf374318d0e
clean_pattern_17450,pattern_17450,clean,0.007029670801166056,0.005872052321653363,1.0020812344633137,0.9988229165038357,1.0,1.0,1.0,1.0,0.023513417000000203,0.009876124999999902,568b4234ba1754012acfe3e51ae166adc17982e32b33782434bc1e40071a75d6,c16609ba844717720e582a00733f013754332a1fd2b12603c936e627b8db9ff7,86811885dc053312c5606079a881a5c59e3e4f40c2c90c8bdc6a4d8464447ef8
styled_pattern_17450,pattern_17450,styled,0.012233145266754272,0.005841176370447054,1.0746470435381286,0.999440582886368,0.8,1.0,1.0,1.0,0.023688041999999854,0.013640999999999792,57460e0fdea8759449b63c341ddd21d759ba1101d1221d0926993ff8f38db639,c16609ba844717720e582a00733f013754332a1fd2b12603c936e627b8db9ff7,86811885dc053312c5606079a881a5c59e3e4f40c2c90c8bdc6a4d8464447ef8
real_like_pattern_17450,pattern_17450,real_like,0.9552560005095395,0.006166398253698784,0.8697569974165628,0.9988576906825782,0.04929577464788732,1.0,0.875,1.0,0.02479662500000046,0.00972679100000029,a036b02074755d21b5a2843ed5628c3cfdfbb0332ad5fc565740973d65a148b1,c16609ba844717720e582a00733f013754332a1fd2b12603c936e627b8db9ff7,86811885dc053312c5606079a881a5c59e3e4f40c2c90c8bdc6a4d8464447ef8
clean_pattern_17470,pattern_17470,clean,0.009337632805358638,0.006755884380153972,1.0787435027932961,0.9968445467257281,0.9166666666666666,1.0,0.9166666666666666,1.0,0.023370666999999123,0.010148790999999768,fcf9e696723f243ef18b553b4604fdfba30796f58e98b65f7e80d81cb9ae9df8,9c151ce7b724ce250692e2cc2a4f8868cc80d56d6a1cf9d59b561137f65fec2a,933a66660e19a58178c6ba3f8efd1f621414cbd35a21f976c71a0eea8eb344f5
styled_pattern_17470,pattern_17470,styled,0.008154079081200104,0.006718869210597372,1.0004281662920234,0.9968617179762652,1.0,1.0,0.9166666666666666,1.0,0.02388625000000033,0.013992457999999708,43821b61345b513d756ecbeee5f7f0f6798ee57a9e6bbde92797ab52bda48b20,9c151ce7b724ce250692e2cc2a4f8868cc80d56d6a1cf9d59b561137f65fec2a,933a66660e19a58178c6ba3f8efd1f621414cbd35a21f976c71a0eea8eb344f5
real_like_pattern_17470,pattern_17470,real_like,0.010947119477615884,0.006944530980108046,1.0010184349112425,0.9967682281577468,1.0,1.0,0.9166666666666666,1.0,0.02423695899999956,0.010476041000000436,46312b3426a58ca89ea14f608ccc106c814e1d929c47accc880575f64b084681,9c151ce7b724ce250692e2cc2a4f8868cc80d56d6a1cf9d59b561137f65fec2a,933a66660e19a58178c6ba3f8efd1f621414cbd35a21f976c71a0eea8eb344f5
clean_pattern_1748,pattern_1748,clean,0.025873480971239957,0.023510033809491356,0.9664288433808275,0.9721180430564776,1.0,1.0,0.15873015873015872,0.19047619047619047,0.024893167000000105,0.011186792000000167,6f16f744a012a137f0bd05a77dc0f4ff44dae9469fe7cdf2a0cf1fc5f0c6c294,1975d4ebec006b662e1c481e8098f73af5e6c87e7a9ff1501696580e48d39119,a8fa76969611c59c2e97e30037ca57d4d5f3dd1974df35a3c70e7f99d0b943a6
styled_pattern_1748,pattern_1748,styled,0.026116621309266314,0.02352503349132034,0.9664161799551675,0.9721126455307865,1.0,1.0,0.15873015873015872,0.19047619047619047,0.024636334000000204,0.015016375000000082,138a9a27e92936b4065ecebd64ccee2667541240c0e6392accd1e7744ccd17f0,1975d4ebec006b662e1c481e8098f73af5e6c87e7a9ff1501696580e48d39119,a8fa76969611c59c2e97e30037ca57d4d5f3dd1974df35a3c70e7f99d0b943a6
real_like_pattern_1748,pattern_1748,real_like,0.026697996232481695,0.02385193044807405,0.965837399123359,0.9664031013352234,1.0,1.0,0.15873015873015872,0.1746031746031746,0.02480191599999948,0.011000042000000043,8046a0f72b519076ea629666f9172c1370f927cc8b9f24113969132041d1d5ed,1975d4ebec006b662e1c481e8098f73af5e6c87e7a9ff1501696580e48d39119,a8fa76969611c59c2e97e30037ca57d4d5f3dd1974df35a3c70e7f99d0b943a6
clean_pattern_1760,pattern_1760,clean,0.047165077472183556,0.04173642051570242,0.832597325796616,0.8652555802171414,1.0,1.0,0.2277992277992278,0.25868725868725867,0.02511816700000047,0.012059584000000179,aecf82445360487be735d0215a8fc741a3e1d2f50cb66286027c8a4de462298c,6ad67282976bf7f85344f380b0e8f1fc4484953fb0f714673f69e2a06ce9c840,d1ca2587491eb47fa459481a89a0f331af52554ae800094077db395c08d748a3
styled_pattern_1760,pattern_1760,styled,0.0472057787797297,0.04159719709213965,0.8326009829769229,0.8652672831941227,1.0,1.0,0.22393822393822393,0.26640926640926643,0.024239375000000507,0.0156683330000007,60c47bf861d778b59ae5a9e137e78c5a7f433d2e5b4c2d7602a69874a44f4bdf,6ad67282976bf7f85344f380b0e8f1fc4484953fb0f714673f69e2a06ce9c840,d1ca2587491eb47fa459481a89a0f331af52554ae800094077db395c08d748a3
real_like_pattern_1760,pattern_1760,real_like,0.05016355568497735,0.041811411978408465,0.89873267730833,0.8650913728213719,1.0,1.0,0.21621621621621623,0.2548262548262548,0.02407254100000067,0.011250958000000644,a1154b6f24aeb8f5c3cae071676d0ee9b23689d5d89b5cf0e51a4b1de0e205ca,6ad67282976bf7f85344f380b0e8f1fc4484953fb0f714673f69e2a06ce9c840,d1ca2587491eb47fa459481a89a0f331af52554ae800094077db395c08d748a3
clean_pattern_1773,pattern_1773,clean,0.032624409229819344,0.028720950226767523,0.925965653960818,0.9337750588739703,1.0,1.0,0.2011173184357542,0.20670391061452514,0.024481916999999243,0.011343541999999651,f00b2ca8a1c12fda3aba256ec0ead1cccded1bcfa5ed63266b908c792f2d1e10,a616f459f98b12a26136d84fd922d42613b5c6b106e99170a8f05db8d1fca783,711a4d29e050164c8ac81df4e738f6590e9d70426e6bd984c62525f73c019a22
styled_pattern_1773,pattern_1773,styled,0.13763495788325536,0.028610874376600388,0.930811394175549,0.9338814576154703,0.8181818181818182,1.0,0.05027932960893855,0.20670391061452514,0.02228829200000071,0.014979249999999666,e24320c91b77340accfeb68e613fdc989b77689a4645c766d61bfdc03968d679,a616f459f98b12a26136d84fd922d42613b5c6b106e99170a8f05db8d1fca783,711a4d29e050164c8ac81df4e738f6590e9d70426e6bd984c62525f73c019a22
real_like_pattern_1773,pattern_1773,real_like,0.03972130792311058,0.028927918883871473,0.9249331920988558,0.9333066416984287,0.8947368421052632,1.0,0.18994413407821228,0.20670391061452514,0.02389687500000015,0.01081999999999983,81603acaee820abdd9c34064d4e8cb3ac59e5f2688822c8be76748889d942698,a616f459f98b12a26136d84fd922d42613b5c6b106e99170a8f05db8d1fca783,711a4d29e050164c8ac81df4e738f6590e9d70426e6bd984c62525f73c019a22
clean_pattern_1779,pattern_1779,clean,0.024670353837605404,0.024410881171608268,0.9252285054669666,0.9254226814741069,1.0,1.0,0.16428571428571428,0.17142857142857143,0.023703124999999048,0.010642416999999682,d2826e684401736d02938ecb4b5fce899bd97c40ae3fdd11810cef5b3e1beb13,2b847654eeb33133332b22781db0472c66b9db6dbf5534b9e7699600c29771bc,89f73162268067747c6154d0e4fa9981bf75bd24b7bf42a695c77da911a164e9
styled_pattern_1779,pattern_1779,styled,0.024692414822348865,0.02442757977912212,0.9252330112085685,0.925436842376285,1.0,1.0,0.16428571428571428,0.17142857142857143,0.024725124999999792,0.0152997500000005,453401afdbbbd2ffd0a5ba478148939351e059b60db637c41c0dc82a3794b274,2b847654eeb33133332b22781db0472c66b9db6dbf5534b9e7699600c29771bc,89f73162268067747c6154d0e4fa9981bf75bd24b7bf42a695c77da911a164e9
real_like_pattern_1779,pattern_1779,real_like,0.025424240698739026,0.024704529085899988,0.9249345594672067,0.9250933332189019,1.0,1.0,0.16428571428571428,0.16428571428571428,0.024284167000001133,0.010880416999999198,8ae2eb4703cc4cdb8ec266c231389999208d3c82c3cc42932ad0c638858705b3,2b847654eeb33133332b22781db0472c66b9db6dbf5534b9e7699600c29771bc,89f73162268067747c6154d0e4fa9981bf75bd24b7bf42a695c77da911a164e9
clean_pattern_1796,pattern_1796,clean,0.03215848406822827,0.03196009440530648,0.8875754629615124,0.8877797075456837,1.0,1.0,0.235,0.235,0.023838207999999028,0.011433000000000249,538b4b1d35db988bd78d6d3305770c68ff571fa6de662cba95d726d7a07e5dcf,6a4a8d60ffc7c1a7e1418135f80705e8b59caa32b4b148c22b5757b7371b25d1,40372872b325a85c5eff39dcf7b83832fe0113c0ab7c07a771005ddcbeab75fd
styled_pattern_1796,pattern_1796,styled,0.032696742980676256,0.03194880655670749,0.870604931438483,0.8878039206414362,1.0,1.0,0.22,0.235,0.02367754199999972,0.014920624999999355,7e74fb983bece02541bb2181fbcff4173604b9fff15183447e7348cfae5d3ca6,6a4a8d60ffc7c1a7e1418135f80705e8b59caa32b4b148c22b5757b7371b25d1,40372872b325a85c5eff39dcf7b83832fe0113c0ab7c07a771005ddcbeab75fd
real_like_pattern_1796,pattern_1796,real_like,0.5831036778050339,0.032190552587655005,0.9465417574776449,0.8875828693202131,0.75,1.0,0.435,0.225,0.023234165999999945,0.011573457999999981,645e88bf9994903c30df5bed78a72d8f659dc28f366905ff8034fcfd167b4087,6a4a8d60ffc7c1a7e1418135f80705e8b59caa32b4b148c22b5757b7371b25d1,40372872b325a85c5eff39dcf7b83832fe0113c0ab7c07a771005ddcbeab75fd
clean_pattern_1869,pattern_1869,clean,0.008592382789000737,0.005396995810723033,1.00288948,0.14855155,1.0,1.0,1.0,0.8571428571428571,0.022946749999999128,0.01031145799999944,68e76fe7df38dc4bb9c53576f73c547f99cbf305090597077b598d1d693a5922,385e0eb34a9a654424964c1f21059e04c22afefbd0744a3c4d38a6b787f881b9,767537e8b1f72160c57446e5cf8d4faa0ccd27f6c22d422a1c79a0761ed72d3d
styled_pattern_1869,pattern_1869,styled,0.0110693532954155,0.005361557713326822,1.00346913,0.14986169,1.0,1.0,1.0,0.8571428571428571,0.023984792000000255,0.01390341599999978,520f1dba93ca73386d3397bf0252d592767bf00369fc3f7a86cc8dddf4ab1697,385e0eb34a9a654424964c1f21059e04c22afefbd0744a3c4d38a6b787f881b9,767537e8b1f72160c57446e5cf8d4faa0ccd27f6c22d422a1c79a0761ed72d3d
real_like_pattern_1869,pattern_1869,real_like,0.8527951764982401,0.005488115128669937,0.4436880500000001,0.14853647,0.14285714285714285,1.0,0.14285714285714285,0.8571428571428571,0.024762542000001275,0.010132041999999508,965f0a6833bd14d6d917081c1a6877da86af495dce97436bf1c33f5485568b22,385e0eb34a9a654424964c1f21059e04c22afefbd0744a3c4d38a6b787f881b9,767537e8b1f72160c57446e5cf8d4faa0ccd27f6c22d422a1c79a0761ed72d3d
clean_pattern_1915,pattern_1915,clean,0.00911471417740952,0.006606849108297416,1.00342178,0.99961646,1.0,1.0,1.0,1.0,0.023048417000000043,0.008910374999999249,78e621af527317323c64d95cae6070ac7594a2703d4b15cf91871ea23b01a661,385e0eb34a9a654424964c1f21059e04c22afefbd0744a3c4d38a6b787f881b9,1ff5311630977239162ba29aa372cf0e9edfd7eb9bf0fe84e1d7c614ce350e6a
styled_pattern_1915,pattern_1915,styled,0.010911582929025086,0.006581950160711278,1.0040938099999999,1.00094984,1.0,1.0,1.0,1.0,0.022716457999999662,0.012536790999999603,735209c5ce04867e2fb9b7aabdb991c86608bde6a9f0400cfc2a8a48d05abf57,385e0eb34a9a654424964c1f21059e04c22afefbd0744a3c4d38a6b787f881b9,1ff5311630977239162ba29aa372cf0e9edfd7eb9bf0fe84e1d7c614ce350e6a
real_like_pattern_1915,pattern_1915,real_like,0.011454220915219136,0.0066542566112998865,1.0006931300000002,0.9996674,1.0,1.0,1.0,1.0,0.023457957999999834,0.009060917000000224,a7ea785c305f8d951897e83885ef9fc789c1013d3794387483f414ba135fd423,385e0eb34a9a654424964c1f21059e04c22afefbd0744a3c4d38a6b787f881b9,1ff5311630977239162ba29aa372cf0e9edfd7eb9bf0fe84e1d7c614ce350e6a
clean_pattern_19191,pattern_19191,clean,0.007311408537514945,0.006018274222388785,1.0019450910157814,0.9988664821479687,1.0,1.0,1.0,1.0,0.022618417000000335,0.010091667000000193,e33583778b63ada84c383615680edaf110505cf3b6c091b9efd92caa145a1e68,a6bb81d4e79615f9a0ac3fd9d7b84c5e9ffac705e2f62a5635e137f90fb3e4bd,91da85d4df81bb8a997f28ddb4f9e752c3de06292dae7dc2f9409a45dd363099
styled_pattern_19191,pattern_19191,styled,0.035400210329998905,0.006007986011520594,1.0746011316432265,0.9994443159647348,0.6153846153846154,1.0,1.0,1.0,0.02346870899999942,0.013596125000000292,a2d762e4d14afe3faed51ea49ad217b0ae5fe951ae57e587519e525e0a478815,a6bb81d4e79615f9a0ac3fd9d7b84c5e9ffac705e2f62a5635e137f90fb3e4bd,91da85d4df81bb8a997f28ddb4f9e752c3de06292dae7dc2f9409a45dd363099
real_like_pattern_19191,pattern_19191,real_like,1.0342989558271407,0.006094584259947593,0.11161667147873215,0.9988512106463371,0.03636363636363636,1.0,0.25,1.0,0.024631624999999602,0.01015174999999946,7d589c70d33170f90ad78e419af25b7c0b2e9109c51875e0ab62e38ef68e893e,a6bb81d4e79615f9a0ac3fd9d7b84c5e9ffac705e2f62a5635e137f90fb3e4bd,91da85d4df81bb8a997f28ddb4f9e752c3de06292dae7dc2f9409a45dd363099
clean_pattern_19516,pattern_19516,clean,0.007337903628971871,0.005457296728131144,1.000180599843799,0.26688199874741253,1.0,1.0,1.0,0.8571428571428571,0.023788333000000605,0.010037250000000775,485e2a4d5cabf3110027cee88168637d491a32eed02741ff5fa552496b27ac7b,07dcacff1d85d70bc64437b04427f7472788090654f58444daee199b5ce6ff81,72321cfd149c1ec7ed30e8cc34586466e31295912713561aad39442f73eb1449
styled_pattern_19516,pattern_19516,styled,0.00728507510297475,0.005439947295566969,1.0002020627137629,0.2669142060895277,1.0,1.0,1.0,0.8571428571428571,0.02365333400000047,0.014431082999999845,d57e9065007cd6eeec56d0e368c7b5c1e5c84dde762792ffa50137c6e7dec0ca,07dcacff1d85d70bc64437b04427f7472788090654f58444daee199b5ce6ff81,72321cfd149c1ec7ed30e8cc34586466e31295912713561aad39442f73eb1449
real_like_pattern_19516,pattern_19516,real_like,0.006238042536185194,0.005889334766331766,0.2680090673766317,0.266786756572775,1.0,0.8571428571428571,0.8571428571428571,0.8571428571428571,0.0242724170000006,0.01063433399999969,0873ffb91f137c0bcb6826e09adeb3a5ad8bac4881113b85f0c6d01d68ebda3d,07dcacff1d85d70bc64437b04427f7472788090654f58444daee199b5ce6ff81,72321cfd149c1ec7ed30e8cc34586466e31295912713561aad39442f73eb1449
clean_pattern_19528,pattern_19528,clean,0.010760391077961465,0.006603842818497394,1.0793022399937946,0.9972240802823455,1.0,1.0,1.0,1.0,0.02390191700000166,0.010806790999999372,788660ecce69d1f0eeeeb633395b61e612d1c77d4c28cd166aca9da487d5ade1,d6978129a1eac25dda880e68b87f44a9cbe15774ae5a9cc8857ea04915635e4c,cfedb90caf50119071f89928012852fffac6a39674d591f396bec3d8e4557355
styled_pattern_19528,pattern_19528,styled,0.007767361441125164,0.006610127826796849,1.0007522853707724,0.9972618979211916,1.0,1.0,1.0,1.0,0.024373209000000173,0.014541874999999926,8f6872c9b5cc274449fe7e28de075658098d1926994554c924bac33a628ba097,d6978129a1eac25dda880e68b87f44a9cbe15774ae5a9cc8857ea04915635e4c,cfedb90caf50119071f89928012852fffac6a39674d591f396bec3d8e4557355
real_like_pattern_19528,pattern_19528,real_like,0.010541306135673754,0.007315113123330282,1.0001222106732857,0.9970887313062364,1.0,1.0,1.0,1.0,0.022895416999999085,0.010608333000000414,84163137cf24debe41bb7ed2e56e0d3e73655dbcc083f930e53da1c9170a543c,d6978129a1eac25dda880e68b87f44a9cbe15774ae5a9cc8857ea04915635e4c,cfedb90caf50119071f89928012852fffac6a39674d591f396bec3d8e4557355
clean_pattern_1974,pattern_1974,clean,0.00808695939291,0.005245020034176665,1.00342178,0.6462661,1.0,1.0,0.8571428571428571,0.8571428571428571,0.021838125000000375,0.009077291999999737,c79210aea070b90c4c29c3b5642285f137913c6c5975dc39cae327c05a2f9cc4,385e0eb34a9a654424964c1f21059e04c22afefbd0744a3c4d38a6b787f881b9,cd2f0e97fc423a7091bf0f8595c2d7dc46b1c05a686504e95d245d5c086ae716
styled_pattern_1974,pattern_1974,styled,0.009873812136920818,0.005224132502415806,1.0040938099999999,0.64758151,0.8571428571428571,1.0,0.8571428571428571,0.8571428571428571,0.02202954200000029,0.012833749999999533,2e874772b70ea076a93044e1ca0f58007e324bf56c1005c86127a37444eb7b26,385e0eb34a9a654424964c1f21059e04c22afefbd0744a3c4d38a6b787f881b9,cd2f0e97fc423a7091bf0f8595c2d7dc46b1c05a686504e95d245d5c086ae716
real_like_pattern_1974,pattern_1974,real_like,0.011007934387227731,0.0056121800264569924,1.00030858,0.8541122400000001,1.0,1.0,0.8571428571428571,0.8571428571428571,0.023085916999999512,0.00965658299999994,1adab072b7973b036b0d47d1b872b51cfcc3db89e852c0c4fbdcf7d6323cbf7b,385e0eb34a9a654424964c1f21059e04c22afefbd0744a3c4d38a6b787f881b9,cd2f0e97fc423a7091bf0f8595c2d7dc46b1c05a686504e95d245d5c086ae716
clean_pattern_198,pattern_198,clean,0.009241287102297987,0.007606191406060171,1.001088121198091,0.9969342974570837,0.5,1.0,0.4,0.8,0.023975625000000278,0.010283124999999949,4c30c7765e7a9126b789a13994a8cf925d2f7f00ddb9d12118560922dd3d2eff,8c3157f9f76d15431fbf68b90b09dab3e47807b3caed53ba0c27dae3c07f7c6e,8130c7d898e7d82945fd8f424586929694dc6e863cb6fd8592e5b3e7de7d90dd
styled_pattern_198,pattern_198,styled,0.009184411240698081,0.007523088672768562,1.0011447858821854,0.9969619514922715,0.5,1.0,0.4,0.8,0.023464167000000202,0.013769083999999765,130a413e591276063c374ba666ae7c80890a989b111856bca73a784b0dfc23b0,8c3157f9f76d15431fbf68b90b09dab3e47807b3caed53ba0c27dae3c07f7c6e,8130c7d898e7d82945fd8f424586929694dc6e863cb6fd8592e5b3e7de7d90dd
real_like_pattern_198,pattern_198,real_like,0.012435915858386198,0.008108612695889911,0.999880964527388,0.9969095908184344,0.875,1.0,0.7,0.9,0.022698791999999912,0.01029170899999965,14ee56c2bf52534cb506176547313cbd221355a7e324f600ee13d9ec04fb1e82,8c3157f9f76d15431fbf68b90b09dab3e47807b3caed53ba0c27dae3c07f7c6e,8130c7d898e7d82945fd8f424586929694dc6e863cb6fd8592e5b3e7de7d90dd
clean_pattern_20,pattern_20,clean,0.007236595607694513,0.005996027782474779,1.0008982186314126,0.9986499483491214,1.0,1.0,1.0,1.0,0.02270075000000027,0.009724332999999419,b5eddfef3d60f91bfee38fc4022a54047d86e7757771856a7e40e85a42ce6b13,d3fe7dc3e1396d72edfa4c32db914b5bfecd41b9973556b6f401c38cfbc768b3,4faebce211ae4511af2daff888b1af8605b802915ef150c8e7b5b1589fd09fb5
styled_pattern_20,pattern_20,styled,0.007210173186280956,0.005909358722976854,1.0008912071902414,0.9993111897303896,1.0,1.0,1.0,1.0,0.022975624999999056,0.01312658399999922,c850dc7c47b38d2d07076f9e0ab10f5c731787b9daedcfa23e985e66014e85f5,d3fe7dc3e1396d72edfa4c32db914b5bfecd41b9973556b6f401c38cfbc768b3,4faebce211ae4511af2daff888b1af8605b802915ef150c8e7b5b1589fd09fb5
real_like_pattern_20,pattern_20,real_like,0.010788085719902986,0.0062895496647538685,1.0530362714746713,0.9987395415203792,1.0,1.0,1.0,1.0,0.02338916699999949,0.00997520800000018,d7c1a28034d746de36ca4fedf1ded6818c451736dbb115b9a1996ff970eaa2f6,d3fe7dc3e1396d72edfa4c32db914b5bfecd41b9973556b6f401c38cfbc768b3,4faebce211ae4511af2daff888b1af8605b802915ef150c8e7b5b1589fd09fb5
clean_pattern_2050,pattern_2050,clean,0.00866000319439233,0.006084051162826522,1.00359805,0.13366621,0.9090909090909091,1.0,0.8333333333333334,0.75,0.023441666000000083,0.010392833000000046,fc18784b3bbf839d3d5152b2fb669971e211399b59b51e559fc234558008403f,385e0eb34a9a654424964c1f21059e04c22afefbd0744a3c4d38a6b787f881b9,fa84d2c116d94fdd1faee648713a5f9c5a3fbd64918c84a9e7c69be54f938e22
styled_pattern_2050,pattern_2050,styled,0.02732271055185117,0.006030206349248234,1.0760948300000002,0.13495818,0.625,1.0,0.8333333333333334,0.75,0.023709082999999964,0.014133708000000134,86fee2e549e7c117fc4c7dfe898b7ca41d8e9eb742816cf1baace78b8d13c8e1,385e0eb34a9a654424964c1f21059e04c22afefbd0744a3c4d38a6b787f881b9,fa84d2c116d94fdd1faee648713a5f9c5a3fbd64918c84a9e7c69be54f938e22
real_like_pattern_2050,pattern_2050,real_like,0.9710685070255665,0.006200784182898779,0.8910266100000002,0.13363118999999998,0.06164383561643835,1.0,0.75,0.75,0.024776375000000073,0.010652416999999303,816a5b6a6cbd3aa3fd2e36f2dae4727fbb25b09923415758b1c0aae32e578c04,385e0eb34a9a654424964c1f21059e04c22afefbd0744a3c4d38a6b787f881b9,fa84d2c116d94fdd1faee648713a5f9c5a3fbd64918c84a9e7c69be54f938e22
clean_pattern_20664,pattern_20664,clean,0.008632425230791062,0.007508342361393708,1.0007735162605078,0.9952793349749511,1.0,1.0,0.875,1.0,0.02306420899999928,0.010491000000000028,db378de7b05199931bea0d3b947f1b81ae7de533f052db0d6e8a09b639de3ebc,e408d0b733678bc26d8d853b8fc7886a73440227c32041eb67920de2b9004fb3,f6ad1982f550bf0dda3127d74ce4590ee64b3992be5106826cb43dd66db64f93
styled_pattern_20664,pattern_20664,styled,0.008646886626929232,0.007492117529080946,1.0013252949817442,0.9952834286320794,1.0,1.0,0.875,1.0,0.023885875000001278,0.014044833999999895,52862070d33d9152cb8e478f95514d00ce204edfb3e7e31508f9f2c1b4910059,e408d0b733678bc26d8d853b8fc7886a73440227c32041eb67920de2b9004fb3,f6ad1982f550bf0dda3127d74ce4590ee64b3992be5106826cb43dd66db64f93
real_like_pattern_20664,pattern_20664,real_like,0.011505983735757347,0.007983416793395893,0.9993343109450623,0.9952123729302877,1.0,1.0,0.875,1.0,0.02332441599999946,0.010499708000000219,46db4e75f4ac51948e5384d465624dc56ab38643931cf72cfc132fca8764bcb3,e408d0b733678bc26d8d853b8fc7886a73440227c32041eb67920de2b9004fb3,f6ad1982f550bf0dda3127d74ce4590ee64b3992be5106826cb43dd66db64f93
clean_pattern_2069,pattern_2069,clean,0.010409893038887019,0.007104013540694005,1.0037596,0.22130422,1.0,1.0,0.9285714285714286,0.9285714285714286,0.023096999999999923,0.009926749999999984,4ad1d85e2b73bf087b4661e9bb627e945cf3ec508f81514f386122d2e3935607,1df21299b05c79ca99ae5c3a42d1bf5d938fef5f1055f2ae1db5ef839019a547,a89f4e8ded5b4e78070fc08a532c42cafe99558cd04955935a18100bc45b2225
styled_pattern_2069,pattern_2069,styled,0.012336382579085172,0.007071991802791833,1.00423657,0.22261691000000003,1.0,1.0,0.9285714285714286,0.9285714285714286,0.023210416999999595,0.01402512499999986,6f9f4647c0d6017a31ef97513322e2eba4200786b1935504c27539faf52e565f,1df21299b05c79ca99ae5c3a42d1bf5d938fef5f1055f2ae1db5ef839019a547,a89f4e8ded5b4e78070fc08a532c42cafe99558cd04955935a18100bc45b2225
real_like_pattern_2069,pattern_2069,real_like,0.013205353672774964,0.007155479732188821,1.00118674,0.22121886999999998,1.0,1.0,0.9285714285714286,0.9285714285714286,0.023438042000000436,0.010536416999999965,7806f69527141afa50fdc945c2221d7244d35eb905b34f3d89329fbff66d2932,1df21299b05c79ca99ae5c3a42d1bf5d938fef5f1055f2ae1db5ef839019a547,a89f4e8ded5b4e78070fc08a532c42cafe99558cd04955935a18100bc45b2225
clean_pattern_2080,pattern_2080,clean,0.00897023664434656,0.005959256980581922,1.00366928,0.20562012,1.0,1.0,0.9,0.8,0.022854542000001032,0.01031445799999986,522a7eac4e4fa9c35046f30f2531b85ae2410c784e8b02fef8c2e1bd3e001c48,73c4325e4f62ea65155f57f6475beecf4d82fd6fdc65a2b89569ab3b5c2d8dd8,f80f57f004811b7c185b232ea4fbbf13d57fc99641aaf6fad31c83fa0ac3392e
styled_pattern_2080,pattern_2080,styled,0.009864225304763316,0.005940695553010479,1.00406631,0.20697952,1.0,1.0,0.9,0.8,0.02327045799999894,0.014179541999999934,9a2847f99adaf09057859e6f570003ac67bbd28c3ce593c93150b67a4b9efb90,73c4325e4f62ea65155f57f6475beecf4d82fd6fdc65a2b89569ab3b5c2d8dd8,f80f57f004811b7c185b232ea4fbbf13d57fc99641aaf6fad31c83fa0ac3392e
real_like_pattern_2080,pattern_2080,real_like,0.9713571981432301,0.006471448790985737,0.89091377,0.20557865,0.04054054054054054,1.0,0.6,0.8,0.02385149999999925,0.011229874999999723,c08ebea0a8c2ae86ce8f7fce7310708b93879d9fc01c34bc877a575d2e985906,73c4325e4f62ea65155f57f6475beecf4d82fd6fdc65a2b89569ab3b5c2d8dd8,f80f57f004811b7c185b232ea4fbbf13d57fc99641aaf6fad31c83fa0ac3392e
clean_pattern_2122,pattern_2122,clean,0.008467858761341112,0.007189977262947568,1.0009453736654805,0.6275115776986951,1.0,1.0,1.0,1.0,0.023962167000000534,0.011123875000000005,77f43adb37e9f0edc3da365666f3552b5a01ccb7a9b756951ad546010a4441ce,96077cd3afcef7985faf3ec98c664a98a9334c20134fc57f25e210c813cf289a,bf07b95820ff5558f3d760857e2e0c4d697ec1230b2150ca0f4cc8f5078fcab7
styled_pattern_2122,pattern_2122,styled,0.008462053290547543,0.007172224122358193,1.0011996832740213,0.6277854098457888,1.0,1.0,1.0,1.0,0.023884082999998668,0.014639082999999609,291e9c45ef70cc7e0ea24b5546727841ecf64e11f7d0b519eba9e9c212278d34,96077cd3afcef7985faf3ec98c664a98a9334c20134fc57f25e210c813cf289a,bf07b95820ff5558f3d760857e2e0c4d697ec1230b2150ca0f4cc8f5078fcab7
real_like_pattern_2122,pattern_2122,real_like,0.026001890724975735,0.007233964676434803,1.056206222419929,0.6276239199288256,0.20689655172413793,1.0,0.8571428571428571,1.0,0.024011500000000296,0.010938624999999647,4d2309448cc368ba7da122478bbdccd0cc5d3fb0ed567457b76c4703239f639d,96077cd3afcef7985faf3ec98c664a98a9334c20134fc57f25e210c813cf289a,bf07b95820ff5558f3d760857e2e0c4d697ec1230b2150ca0f4cc8f5078fcab7
clean_pattern_2149,pattern_2149,clean,0.008358569514452076,0.005687665261643605,1.00342178,0.22476265,1.0,1.0,0.8888888888888888,1.0,0.022079791999999543,0.009599917000000069,421fec1910fee837b05c59ddc5d7fbb8e46766ee313261ca77786ae19c358801,385e0eb34a9a654424964c1f21059e04c22afefbd0744a3c4d38a6b787f881b9,6206d6a413892b1fe606c47910487550b317284352133b25c0c879568379ed32
styled_pattern_2149,pattern_2149,styled,0.010567403170129745,0.005663710039326143,1.00408803,0.22606571000000003,1.0,1.0,1.0,1.0,0.021925917000000794,0.013404041000000255,a26043ea0fab95b387521b1c6fee198d794df47196dcb0d427dd7016147cdb65,385e0eb34a9a654424964c1f21059e04c22afefbd0744a3c4d38a6b787f881b9,6206d6a413892b1fe606c47910487550b317284352133b25c0c879568379ed32
real_like_pattern_2149,pattern_2149,real_like,0.011500459937648855,0.005733796433614284,1.00072524,0.22469673,1.0,1.0,1.0,1.0,0.022944792000000547,0.011437500000000433,dc8f55fe182d1e4304f18580cd00367c343b5267800f6e89560e879cd817b013,385e0eb34a9a654424964c1f21059e04c22afefbd0744a3c4d38a6b787f881b9,6206d6a413892b1fe606c47910487550b317284352133b25c0c879568379ed32
clean_pattern_2171,pattern_2171,clean,0.01117243077568536,0.009608919570824328,0.9990360645406227,0.9954197274107821,1.0,1.0,0.8181818181818182,0.8181818181818182,0.02408216599999946,0.010402124999999707,8b7612de590eb336f739d737c566bb636f020d8ff73950bea578073c6768e495,61f4998a68163dc74471f0d914e0a04c9262987c361ed8a957351ae78c1e61e4,940842dbb1b52924a05c340d6c42d009a18077e8d1097c71e54fa6f7fa59a1dd
styled_pattern_2171,pattern_2171,styled,0.011060480470948032,0.009580892324373027,0.9997241875474563,0.9954538162490509,1.0,1.0,0.8181818181818182,0.8181818181818182,0.023803499999999644,0.01448745799999962,16ed07999dd344901bdc137b71982bb5e48fc249e7ee749797c4a08e7ddec306,61f4998a68163dc74471f0d914e0a04c9262987c361ed8a957351ae78c1e61e4,940842dbb1b52924a05c340d6c42d009a18077e8d1097c71e54fa6f7fa59a1dd
real_like_pattern_2171,pattern_2171,real_like,0.013306681069809279,0.009797414494892187,1.0005453204252088,0.9953988580106302,1.0,1.0,0.8181818181818182,0.8181818181818182,0.023615624999999696,0.010669083999999884,4efb40ec181fbb946677b7dcc7015f55c2de7cd24e1ee5c1a06f91c6b7913689,61f4998a68163dc74471f0d914e0a04c9262987c361ed8a957351ae78c1e61e4,940842dbb1b52924a05c340d6c42d009a18077e8d1097c71e54fa6f7fa59a1dd
clean_pattern_2221,pattern_2221,clean,0.008470865064502143,0.006360779278862413,0.9978494858777262,0.6454591691097605,1.0,1.0,1.0,1.0,0.023738291999999106,0.010568583000000409,e8c791bf0adf86aa89f1b4694b112bc156ac652179f8d26d7826c27d0e11d81b,e39188563e3aba75158bb17b5c4c479698df8f9e6ecd46a792a05429c4d9d622,80b7691175e6541a7ac4f662856eb840647b7b8a8de02c3ccd4384bde3576219
styled_pattern_2221,pattern_2221,styled,0.008404457900399223,0.00633854335739697,0.9995244794422594,0.646190166607079,1.0,1.0,1.0,1.0,0.024138542000001095,0.014520584000000447,1b04acdc5fd60911db9abba5d648ef9b640eb28930411d59b4112feb35925a30,e39188563e3aba75158bb17b5c4c479698df8f9e6ecd46a792a05429c4d9d622,80b7691175e6541a7ac4f662856eb840647b7b8a8de02c3ccd4384bde3576219
real_like_pattern_2221,pattern_2221,real_like,0.010384109471191024,0.006432328193247402,0.9972013074722919,0.645715153021094,1.0,1.0,1.0,1.0,0.023432041999999598,0.010532291000000527,d3befb377523b9f9c36fc66023f3c9d88021e67f0112b6e416e75042efe5c8da,e39188563e3aba75158bb17b5c4c479698df8f9e6ecd46a792a05429c4d9d622,80b7691175e6541a7ac4f662856eb840647b7b8a8de02c3ccd4384bde3576219
clean_pattern_2247,pattern_2247,clean,0.008450167971037538,0.006192270097494026,1.00371283,0.14733031,0.9,1.0,0.8181818181818182,0.7272727272727273,0.023380916999999002,0.010285624999999854,6e22f4f7b3260b2a54c93ea98355cd5a00d87c71f504084da651d233a27f4e20,385e0eb34a9a654424964c1f21059e04c22afefbd0744a3c4d38a6b787f881b9,4b8aa13368bcad7f4095ef8c34975536c6faa2a55266d032e3360eb79a2b5b43
styled_pattern_2247,pattern_2247,styled,0.015062442787823937,0.006153289247780374,1.07643504,0.14864987,0.8181818181818182,1.0,0.8181818181818182,0.7272727272727273,0.02379662499999924,0.01377266700000046,454330ab8f5dd870de0b61d58a47a29a8abbf90f615f9a1cf58ad5cd43329416,385e0eb34a9a654424964c1f21059e04c22afefbd0744a3c4d38a6b787f881b9,4b8aa13368bcad7f4095ef8c34975536c6faa2a55266d032e3360eb79a2b5b43
real_like_pattern_2247,pattern_2247,real_like,0.011791700010479309,0.006281948442303804,1.0004703,0.14737806,1.0,1.0,0.8181818181818182,0.7272727272727273,0.024504332999999434,0.010339000000000098,90b0e0bdc0271cfd4029ffb8a0303ecab2ae1a5d3155583184b37e1e336227cc,385e0eb34a9a654424964c1f21059e04c22afefbd0744a3c4d38a6b787f881b9,4b8aa13368bcad7f4095ef8c34975536c6faa2a55266d032e3360eb79a2b5b43
clean_pattern_2283,pattern_2283,clean,0.009498346191735924,0.007105687445994628,1.0015348198634662,0.21709146972032592,1.0,1.0,0.9166666666666666,0.8333333333333334,0.024642083999999898,0.010988583000000496,29d48a1a99a8c64965be611da69c60032478fb6269232e42c14f63f4cb9ada02,bb791b17ced2eb9f31d8619741e3dd6fb87d7c4ab05f223d35e503c0ceee86b6,d78c58203fb9fdfde399ad5b990df54ce88b70a8a582f3b1dac662881c2dba63
styled_pattern_2283,pattern_2283,styled,0.009435437400445985,0.007089953063269894,1.0015610918299935,0.21763207839682888,1.0,1.0,0.9166666666666666,0.8333333333333334,0.024044042000001653,0.014441374999999645,7243fcb5ba4927b620b96044cc964c34beb3574929d7a64b7f2fd1521f813d59,bb791b17ced2eb9f31d8619741e3dd6fb87d7c4ab05f223d35e503c0ceee86b6,d78c58203fb9fdfde399ad5b990df54ce88b70a8a582f3b1dac662881c2dba63
real_like_pattern_2283,pattern_2283,real_like,0.013385526683196798,0.0071695472901792566,1.0687247029288705,0.21693490905086985,1.0,1.0,0.9166666666666666,0.8333333333333334,0.024022833000000077,0.011397667000000666,2954b52d55355c8199a486ce4c034d5121ce871773828996ca86bb1bc9977be4,bb791b17ced2eb9f31d8619741e3dd6fb87d7c4ab05f223d35e503c0ceee86b6,d78c58203fb9fdfde399ad5b990df54ce88b70a8a582f3b1dac662881c2dba63
clean_pattern_35869,pattern_35869,clean,0.02139006639668502,0.018088725014485867,0.773949038474718,0.7730629979694497,1.0,1.0,0.17721518987341772,0.20253164556962025,0.02476366700000021,0.012301042000000706,8edbd243e1fb95728309ff0abd6d491b81f90fbbdba09466514fd2c6827dd430,66141f10abd9bef1c70f73eaf41261c48aeccc9e69d0db12c5c0938f47150c50,5dbe162b5b6ca23c9bcca107fb69f42f30a9ea822299a0a4f38b3cb17f064e09
styled_pattern_35869,pattern_35869,styled,0.021423514025309537,0.017928213183095416,0.7734213303726852,0.7730874742265014,1.0,1.0,0.16455696202531644,0.20253164556962025,0.024703332999999716,0.015326166999999558,42f54c5cc53535482a1f3bcf4f80262873575683ed55224d80cd7348d9830d20,66141f10abd9bef1c70f73eaf41261c48aeccc9e69d0db12c5c0938f47150c50,5dbe162b5b6ca23c9bcca107fb69f42f30a9ea822299a0a4f38b3cb17f064e09
real_like_pattern_35869,pattern_35869,real_like,0.13435931588842936,0.018613154595725108,0.7719488387484604,0.7727545971305995,0.3591549295774648,1.0,0.6455696202531646,0.17721518987341772,0.024648292000000183,0.011643457999999995,340f34a9028bd525a083efd1a6233783989aec9c7103f1e99084ec515808dfba,66141f10abd9bef1c70f73eaf41261c48aeccc9e69d0db12c5c0938f47150c50,5dbe162b5b6ca23c9bcca107fb69f42f30a9ea822299a0a4f38b3cb17f064e09
clean_pattern_44175,pattern_44175,clean,0.009427720918301678,0.007862024567198507,0.727241275562674,0.7466487609509812,1.0,1.0,0.5555555555555556,0.5555555555555556,0.02428666700000015,0.010433165999999439,ff043c71dbfaae7ec3c147a841f1db1639c6aa2da6fb136d51dc1123877384cc,59784522e70b306a1ba9e1a129e09afb71e932495a78cb4885147563dd9ef780,8ff84516a1990c324833987403501ff248c05135fe4b653debcd6cd565746177
styled_pattern_44175,pattern_44175,styled,0.009394346038948037,0.007412288731512365,0.7272323741353005,0.8809279797379777,1.0,1.0,0.5555555555555556,0.5555555555555556,0.024217082999999917,0.014117875000000168,7b9a23eace61fe2c3ea27c702df0be9177afb1c4406ac95ea10cb0493f49e727,59784522e70b306a1ba9e1a129e09afb71e932495a78cb4885147563dd9ef780,8ff84516a1990c324833987403501ff248c05135fe4b653debcd6cd565746177
real_like_pattern_44175,pattern_44175,real_like,0.009884129908052437,0.008055523067271118,0.9635747657589387,0.7462576915750364,1.0,1.0,0.6666666666666666,0.5555555555555556,0.023958915999999775,0.010316874999999115,42c8a235db7339d2b88504d78348d0001f8f9d2ab6f7a7b52b6ffb0754d7425b,59784522e70b306a1ba9e1a129e09afb71e932495a78cb4885147563dd9ef780,8ff84516a1990c324833987403501ff248c05135fe4b653debcd6cd565746177
clean_pattern_464,pattern_464,clean,0.008276720774436433,0.006751442789439396,0.9999460565066156,0.8580602991406356,1.0,1.0,0.9230769230769231,0.9230769230769231,0.023947833999999446,0.010044374999999661,5ae08ba73948f3598c1434aa9a581cecfd36435e3f163651d2ffc78151657b00,3a91d8d8fd72c3854d5c19e5698ca8c336186c9d468457d54de1a6960c0f3524,d90627220fd7e22e6e48783e08b1164bd8c5fe273b5729fe3f99233094086973
styled_pattern_464,pattern_464,styled,0.008248345016521158,0.006736527876462589,1.0000697379620789,0.8580937409971354,1.0,1.0,0.9230769230769231,0.9230769230769231,0.02407975000000029,0.014254791999999128,a221fd7e7ad676e7375f2f042a62d38ad380eb6156bbe7c204b5e2a4bc2722c4,3a91d8d8fd72c3854d5c19e5698ca8c336186c9d468457d54de1a6960c0f3524,d90627220fd7e22e6e48783e08b1164bd8c5fe273b5729fe3f99233094086973
real_like_pattern_464,pattern_464,real_like,0.007531479477305205,0.007128050104263396,0.18223967211158096,0.8587269990451507,0.9166666666666666,1.0,0.8461538461538461,0.9230769230769231,0.024503666999999396,0.010314582999999544,9a385cc70886724c8acfa8cb3727b8f9e49292d70c76af8de7c557479e543c12,3a91d8d8fd72c3854d5c19e5698ca8c336186c9d468457d54de1a6960c0f3524,d90627220fd7e22e6e48783e08b1164bd8c5fe273b5729fe3f99233094086973
clean_pattern_49786,pattern_49786,clean,0.007786210332626195,0.006453752029559816,0.9966684800225424,0.9959976432335642,1.0,1.0,1.0,1.0,0.029974916000000462,0.010237124999999736,73a64d7ed999d064e9e0cb3cf47c776aace86379a8ee88df5e7cdc41a9c2c254,0480e3ff2726e21e9d737aa99f62c87d4220dcaa6615ccc254cf21a1ca9aa10b,3e07012430ad8ebc0ee1a1133185c2a329d3e51409c1a61b024ac49e0cee8894
styled_pattern_49786,pattern_49786,styled,0.013190641916605733,0.006395448035813836,1.0693939468093823,0.9960266328796196,0.8181818181818182,1.0,1.0,1.0,0.023359125000000702,0.013822583999999694,4b16115db5fe7323e37f94445410d9fbf765eafeb7741024421cd1f20e0265df,0480e3ff2726e21e9d737aa99f62c87d4220dcaa6615ccc254cf21a1ca9aa10b,3e07012430ad8ebc0ee1a1133185c2a329d3e51409c1a61b024ac49e0cee8894
real_like_pattern_49786,pattern_49786,real_like,1.0134089637599109,0.006536760946973256,0.007285310928097876,0.9948594554436647,,1.0,0.0,1.0,0.023665250000000526,0.01003708300000028,326d9c0c7f1d12c5a2d9c81bfe304273a7c73047e8b39469c0bd28fc144ad895,0480e3ff2726e21e9d737aa99f62c87d4220dcaa6615ccc254cf21a1ca9aa10b,3e07012430ad8ebc0ee1a1133185c2a329d3e51409c1a61b024ac49e0cee8894
clean_pattern_49797,pattern_49797,clean,0.007834590401241443,0.006445121871413043,0.9978572291204709,0.9966860521325066,1.0,1.0,1.0,1.0,0.023592250000000092,0.010114833999999462,35dde0c21bb70d138ebaf598a58287f6adcb3522684117161ca9a07b34ed28e5,4f6cc8b0f624d3f93a3f2ba8879a1ec572b036d341267fe39d2aab581188b579,35c7339e5d358b82f4f6d8c62049cc8d12981eef19d2431d3c4ab0914d6095ee
styled_pattern_49797,pattern_49797,styled,0.00842053889343324,0.00641822029080082,0.9982287812915891,0.9966784350419663,1.0,1.0,1.0,1.0,0.023728249999999562,0.013744083000000629,7dd1d5b29dbb88718e74c17db097bc06f05d1348df83c9e4468c47d4d498d864,4f6cc8b0f624d3f93a3f2ba8879a1ec572b036d341267fe39d2aab581188b579,35c7339e5d358b82f4f6d8c62049cc8d12981eef19d2431d3c4ab0914d6095ee
real_like_pattern_49797,pattern_49797,real_like,1.0097225726638568,0.0067361383710564365,0.12740442698069335,0.9963941056831073,0.08333333333333333,1.0,0.8888888888888888,1.0,0.024281166999999826,0.010241291999999902,d11f038dfc33e896baceb8ea22fbc8b06ff69ff384ade8cfa52bc455da246409,4f6cc8b0f624d3f93a3f2ba8879a1ec572b036d341267fe39d2aab581188b579,35c7339e5d358b82f4f6d8c62049cc8d12981eef19d2431d3c4ab0914d6095ee
clean_pattern_49851,pattern_49851,clean,0.007164613402420091,0.006053392060533472,1.0000398919373579,0.9949520624389652,0.8888888888888888,1.0,1.0,1.0,0.02333933400000099,0.010191041999998873,3b580bab972a6c35962d9557a9f66f0257eaf0c439d0dd700afdb2cc12f5fcad,f35d79f1053cdc0f22b0be2bf0244460c3cdcef6aa19142e774ef2e48b2fc331,655d110e0515d13e18465ef8f8e46daaaf597577e94aba82ca451749815cd794
styled_pattern_49851,pattern_49851,styled,0.012523962066108077,0.005993990819129268,1.0710789015888629,0.9949920647734319,0.8,1.0,1.0,1.0,0.02347920800000125,0.013375999999999166,d7bd07c690d0f738180ee0b0dfae45cee77592912b14397f2c369c3c1f7ff03c,f35d79f1053cdc0f22b0be2bf0244460c3cdcef6aa19142e774ef2e48b2fc331,655d110e0515d13e18465ef8f8e46daaaf597577e94aba82ca451749815cd794
real_like_pattern_49851,pattern_49851,real_like,1.02159797906959,0.006275106150824891,0.010141762985693747,0.9945554492868292,,1.0,0.0,1.0,0.023346083000001627,0.009945000000000093,72e9a376d5c86e611d58efe2e09842407e80dd1cafc57f46ce1061c93c80f61b,f35d79f1053cdc0f22b0be2bf0244460c3cdcef6aa19142e774ef2e48b2fc331,655d110e0515d13e18465ef8f8e46daaaf597577e94aba82ca451749815cd794
clean_pattern_49857,pattern_49857,clean,0.00716338209952421,0.0059932653770950195,0.9962988317698872,0.9955878577293716,1.0,1.0,0.8888888888888888,0.8888888888888888,0.02385224999999913,0.009941040999999373,b6c796112045eac1393d6a07a2c015e2288c0d4713f84f78cee9f6187514265e,c59a9e48d4989c4018dc482641105634355c6a95f2f575baeaf9e0b0f6872edf,561b3e42fb9ddb17c4d6068d96369a848f7e21611292976c5a817d1b916be2f8
styled_pattern_49857,pattern_49857,styled,0.024871000025275647,0.005932605349216614,1.0677535663632196,0.9956493577666952,0.5714285714285714,1.0,0.8888888888888888,0.8888888888888888,0.023692999999999742,0.013498166999999839,114c4e9d5ffe27bad37d86d1c245387b2af5d63348dd947d252017766e982790,c59a9e48d4989c4018dc482641105634355c6a95f2f575baeaf9e0b0f6872edf,561b3e42fb9ddb17c4d6068d96369a848f7e21611292976c5a817d1b916be2f8
real_like_pattern_49857,pattern_49857,real_like,0.9906508318445363,0.006367687664390662,0.4412127806827027,0.9950607438780334,0.08653846153846154,1.0,1.0,0.8888888888888888,0.02417333300000024,0.009931707999999873,5614f2a9e7de97ea99167ffcc8ccf781eca58603b7b55a93694b1d315802d510,c59a9e48d4989c4018dc482641105634355c6a95f2f575baeaf9e0b0f6872edf,561b3e42fb9ddb17c4d6068d96369a848f7e21611292976c5a817d1b916be2f8
clean_pattern_49877,pattern_49877,clean,0.0072165598390001905,0.006091861566935032,1.0011791459307857,0.9967145366095503,1.0,1.0,1.0,0.8888888888888888,0.023648624999999868,0.01004299999999958,707a12f4489cbbd49c13afed3ae5ecc8101a1d3826d21b39c3c5cdbf03356fdc,fea0b59861a495df14b4aa8486d6143230be0a89067f71b48811c49fc65df084,6e4dbb53749cfa719c67bb25fd54a75325b7659bf5198100abac7bf17c48a547
styled_pattern_49877,pattern_49877,styled,0.01686364559273636,0.006022746847040623,0.9993836102940057,0.9993050632390303,0.5714285714285714,1.0,0.8888888888888888,0.8888888888888888,0.02350408300000062,0.014113000000000042,68f85313775b055c8149c6f59daf8360e44a549c194804d96611c4213a3e630a,fea0b59861a495df14b4aa8486d6143230be0a89067f71b48811c49fc65df084,6e4dbb53749cfa719c67bb25fd54a75325b7659bf5198100abac7bf17c48a547
real_like_pattern_49877,pattern_49877,real_like,0.6151030817299389,0.006190965584249361,1.0665006788810365,0.9966443810647139,0.05421686746987952,1.0,1.0,0.8888888888888888,0.024328750000000454,0.010355667000000679,d868932fd39e26c66bf01f75188ce1f2213e2088fe6e8f697fbab3d3b9b6aad9,fea0b59861a495df14b4aa8486d6143230be0a89067f71b48811c49fc65df084,6e4dbb53749cfa719c67bb25fd54a75325b7659bf5198100abac7bf17c48a547
clean_pattern_49885,pattern_49885,clean,0.0075669488003582384,0.0062733555284333045,0.9930956386738874,0.9903229988480223,1.0,1.0,0.8888888888888888,0.8888888888888888,0.023627250000000544,0.010484542000000374,dcd316308ceadbcfe6ac687e8bbaa4780a000b80f8096f7df0b20a5ef4720146,eaa4d4f500b7bdaf593399aadd7e0cb80311cd6a4deb917dfe5db5a872ef662e,a2d0ab45f9346afa042d1a1c83c142e40e328c552d36714da4e6bfd9e62dfb8d
styled_pattern_49885,pattern_49885,styled,0.010278139545489501,0.006209124110004602,0.9895691375701036,0.9911976464466961,1.0,1.0,1.0,0.8888888888888888,0.02351275000000186,0.015068749999999298,4c1cb0d8ac92bb5e0023a7c0524a575e9598ec333f4d3ca622b35471785cd94b,eaa4d4f500b7bdaf593399aadd7e0cb80311cd6a4deb917dfe5db5a872ef662e,a2d0ab45f9346afa042d1a1c83c142e40e328c552d36714da4e6bfd9e62dfb8d
real_like_pattern_49885,pattern_49885,real_like,0.04135791031721863,0.006490826566244012,1.0625308474569928,0.9902278304168926,0.2,1.0,0.8888888888888888,0.8888888888888888,0.023208374999999393,0.0098547920000005,0c00ca536ff94995f575ab96dc9cde187e92d74687227fc286155e6e71a44653,eaa4d4f500b7bdaf593399aadd7e0cb80311cd6a4deb917dfe5db5a872ef662e,a2d0ab45f9346afa042d1a1c83c142e40e328c552d36714da4e6bfd9e62dfb8d
clean_pattern_537,pattern_537,clean,0.007201086886336273,0.0063775858216451,0.24257807494873324,0.24049342051994443,1.0,1.0,0.7,0.7,0.024020625000002127,0.010469457999999321,7b8bd7775ed2a94b1a94bab356f60be89957380283426fb915722856e46cf919,af8d98a673f1fc863333f26cfce1eb94138cbccb90c4ff189e906a91d218cee8,c49133273defd424546e9bd7f1f3eee05cb7ce21e109e9b6ea815eadcbadf71b
styled_pattern_537,pattern_537,styled,0.007129615705423216,0.0063544611654944416,0.2431906701726533,0.24051213560891713,1.0,1.0,0.7,0.7,0.02352254199999848,0.014704959000001239,9de4373259fc17f316c657710b5fab70f8e650fcb414e029484f0631c4e0e9ab,af8d98a673f1fc863333f26cfce1eb94138cbccb90c4ff189e906a91d218cee8,c49133273defd424546e9bd7f1f3eee05cb7ce21e109e9b6ea815eadcbadf71b
real_like_pattern_537,pattern_537,real_like,0.008487986640708805,0.006376892934759584,0.40264176992789574,0.24043382496527088,1.0,1.0,0.7,0.7,0.02318375000000117,0.010532374999998595,1e44cfcd1775338596fdb9de3a291d3bb450d4defeaf771716139478b78f4512,af8d98a673f1fc863333f26cfce1eb94138cbccb90c4ff189e906a91d218cee8,c49133273defd424546e9bd7f1f3eee05cb7ce21e109e9b6ea815eadcbadf71b
clean_pattern_760,pattern_760,clean,0.007673651894818784,0.006395187776270549,1.0001674916280339,0.9968631599945459,0.8888888888888888,1.0,0.8888888888888888,1.0,0.024026875000000558,0.010318708000001564,cf34fc0e8962c0559a271a9c55bbd383996598ebd681264a7598eb43a4516d92,9559f5501f2552a68ce58336c5f9161670c5f7fc51a5a7bc85e949492e3dc8ed,fffe66055bf2ba155642233b984308da89d4ac045709837f0d4462e9982bf898
styled_pattern_760,pattern_760,styled,0.0077455938266543945,0.006288391962599934,1.0002745244068723,0.9968741159258251,0.8888888888888888,1.0,0.8888888888888888,1.0,0.023370958000000996,0.013999833999999822,8d5349f365f641fd3572eb4e7077066541650764a999b85d732f93e1eef4a849,9559f5501f2552a68ce58336c5f9161670c5f7fc51a5a7bc85e949492e3dc8ed,fffe66055bf2ba155642233b984308da89d4ac045709837f0d4462e9982bf898
real_like_pattern_760,pattern_760,real_like,0.1918618742737772,0.006532840069097739,1.071980512435233,0.9968304923916007,0.022222222222222223,1.0,0.3333333333333333,1.0,0.023410500000000667,0.009988042000001585,7d8eb5669d1afb2cad9fe12580e6d87415c900150c09d1fbf544d3cca11f9c17,9559f5501f2552a68ce58336c5f9161670c5f7fc51a5a7bc85e949492e3dc8ed,fffe66055bf2ba155642233b984308da89d4ac045709837f0d4462e9982bf898
clean_pattern_80024,pattern_80024,clean,0.010327004517682072,0.008384271448994795,0.9941090334222412,0.9954874075573062,1.0,1.0,1.0,0.9166666666666666,0.023897292000000903,0.010345874999998728,13a84ec8de51c2e41ef3d4fb22ba5edf64928de226caa73142558b7a1de896c9,a1abdea00f11edd5cd9b2f5f9c6220c436a36b007a231c1c5a1de9e6623c114c,9af7a4e3d5e45ac0057ee691c6399c7582bb89c700ae0eeec129398bae8964b4
styled_pattern_80024,pattern_80024,styled,0.010302507816096386,0.008336057064347991,0.9941284450175615,0.9955118983524384,1.0,1.0,1.0,0.9166666666666666,0.023697791000000024,0.013875917000000015,8b8771225ab25f947ae9130fdd1df106a7e355bd9c5b12e412fc52529dbf1ef1,a1abdea00f11edd5cd9b2f5f9c6220c436a36b007a231c1c5a1de9e6623c114c,9af7a4e3d5e45ac0057ee691c6399c7582bb89c700ae0eeec129398bae8964b4
real_like_pattern_80024,pattern_80024,real_like,0.01059624918874123,0.008509898379346988,0.9938777538189296,0.9952896204992884,1.0,1.0,1.0,0.9166666666666666,0.023708916000000357,0.009673041999999299,254a04f170576f78a14c2f03f63672549e3e06dcc92585a798a0459129613971,a1abdea00f11edd5cd9b2f5f9c6220c436a36b007a231c1c5a1de9e6623c114c,9af7a4e3d5e45ac0057ee691c6399c7582bb89c700ae0eeec129398bae8964b4
clean_pattern_80525,pattern_80525,clean,0.009659168150572746,0.00801230618581432,0.989670032040526,0.9907709057995442,1.0,1.0,0.9166666666666666,0.9166666666666666,0.02375341599999814,0.009780375000000063,bc36bc899111e25d42c33d1c850917689090c1a9dec5ea4cf36c154e431fc01f,b45456ba4adfbdc780f15950c9c142b3a8862796417c772ee15598a1efee6bb5,de94e35f263cc46483f2f6cba5cfaab6802ce5459bafc17125417102a138cfbe
styled_pattern_80525,pattern_80525,styled,0.009614070463320634,0.007959347801085882,0.9908946251197943,1.0011031060643154,1.0,1.0,0.9166666666666666,0.9166666666666666,0.024097874999998936,0.01301962500000009,826007399e02a72360c0c5be11db2285098602d06a202d91c1c40d0b33715029,b45456ba4adfbdc780f15950c9c142b3a8862796417c772ee15598a1efee6bb5,de94e35f263cc46483f2f6cba5cfaab6802ce5459bafc17125417102a138cfbe
real_like_pattern_80525,pattern_80525,real_like,0.012441331026730873,0.008177865780946423,0.9898031270430244,0.9906223830871027,1.0,1.0,0.9166666666666666,0.9166666666666666,0.023954165999999333,0.010002832999999711,46305a17cb709aa90486fa14131984b55e9d29fa2f4343120dd35d00262c21f6,b45456ba4adfbdc780f15950c9c142b3a8862796417c772ee15598a1efee6bb5,de94e35f263cc46483f2f6cba5cfaab6802ce5459bafc17125417102a138cfbe
clean_pattern_80537,pattern_80537,clean,0.0098113178703265,0.007984363561987862,0.9996323320890723,0.9951574111167043,1.0,1.0,1.0,0.9166666666666666,0.023952333000000436,0.00988666699999996,96908bca9eeeef9de28029d815eb58ef15a7ad1783d05b8109b2d2f660de9f32,fb3d5db07ce12b990a07d92a9ae926039950427b3fa6a875e8ef6133d410418b,69327bff13d6e4d787d71777edc3d3d80cdae068b5dbc87ee8133cc0618bbcb4
styled_pattern_80537,pattern_80537,styled,0.027966352775569876,0.007935840056179602,1.0727408126366063,0.9951832383937969,0.7333333333333333,1.0,0.9166666666666666,0.9166666666666666,0.02337591699999919,0.013925874999999976,3e657c848cba8d14d7842ebe9d26a1aa7bcd45be9c3f9fd9ce3664778abc8512,fb3d5db07ce12b990a07d92a9ae926039950427b3fa6a875e8ef6133d410418b,69327bff13d6e4d787d71777edc3d3d80cdae068b5dbc87ee8133cc0618bbcb4
real_like_pattern_80537,pattern_80537,real_like,1.0166060483546,0.008195953573524149,0.21854801503055465,0.9949561629278741,0.08695652173913043,1.0,0.6666666666666666,0.9166666666666666,0.023359292000002085,0.010250499999999718,d97c504844edbba82948c1423fcfed9cdff2aa03996956a7aa5c76e2ce3d5a9e,fb3d5db07ce12b990a07d92a9ae926039950427b3fa6a875e8ef6133d410418b,69327bff13d6e4d787d71777edc3d3d80cdae068b5dbc87ee8133cc0618bbcb4
clean_pattern_80549,pattern_80549,clean,0.009655947138498122,0.007967415850622559,0.9948723653091457,0.9909527769836525,1.0,1.0,0.9166666666666666,0.9166666666666666,0.02271220800000151,0.01014908400000003,d8a6862dde291a42a9a0dc637c946ea0021df3021a0f64205e9577b764a2fd61,73b5eae349a1b59e40a0c09e86f6bf89cc8aa3fd0c5f0cd827d57102ac5788c4,727112839d1fba19215ed7ed7779d316d9a81e8f4402fe734cea098896d43ae0
styled_pattern_80549,pattern_80549,styled,0.01249523273448666,0.007912507718445391,0.9902108792265508,0.9978626192270705,1.0,1.0,0.9166666666666666,0.9166666666666666,0.02431162499999928,0.01408933400000123,c6851cc53e5bfb00ccbd12999b40843ba00b37762cd1334b542ac8b8a44cbc19,73b5eae349a1b59e40a0c09e86f6bf89cc8aa3fd0c5f0cd827d57102ac5788c4,727112839d1fba19215ed7ed7779d316d9a81e8f4402fe734cea098896d43ae0
real_like_pattern_80549,pattern_80549,real_like,0.021274526760589677,0.00812383349100163,1.058435844790394,0.990999610156717,0.6875,1.0,0.9166666666666666,0.9166666666666666,0.023704500000000905,0.010040709000000092,9fd1e110bb0f5248ec871875d936ce75dcae8d358a852b9559738315b70dfc2a,73b5eae349a1b59e40a0c09e86f6bf89cc8aa3fd0c5f0cd827d57102ac5788c4,727112839d1fba19215ed7ed7779d316d9a81e8f4402fe734cea098896d43ae0
clean_pattern_80573,pattern_80573,clean,0.010129568960539787,0.008280934662555672,0.9897514409883583,0.9909655815935551,1.0,1.0,1.0,1.0,0.023188208000000543,0.00997791600000042,c158e4191a0ed6c0cb9de38bb25f52596e471ccc82bf4836a13a5ec84eaefa7b,c94b030fecfe235fb8476a601e2cdbc73196b995a0457e1a69a700f468072a1f,b777e83bd226d9089bfb8dc8070ea6d08df16ab4669b8241490d21211b51f7c2
styled_pattern_80573,pattern_80573,styled,0.010104775624575311,0.008237763909586308,0.9898298504090608,0.9909632855636662,1.0,1.0,1.0,1.0,0.022562041000000477,0.013952792000001324,641e7169d17ddfad0951e426214baf8474f422d889a57d035583d8a69873e659,c94b030fecfe235fb8476a601e2cdbc73196b995a0457e1a69a700f468072a1f,b777e83bd226d9089bfb8dc8070ea6d08df16ab4669b8241490d21211b51f7c2
real_like_pattern_80573,pattern_80573,real_like,0.01054856724372594,0.008490705283137178,0.98959427774247,0.990671230561811,0.9285714285714286,1.0,1.0,1.0,0.02388133399999859,0.01024262500000006,d18ee854e9ed176f6dc5b7cfa8926037776947001cdc49cedacebea53f8524b6,c94b030fecfe235fb8476a601e2cdbc73196b995a0457e1a69a700f468072a1f,b777e83bd226d9089bfb8dc8070ea6d08df16ab4669b8241490d21211b51f7c2
clean_pattern_80925,pattern_80925,clean,0.01521840782776133,0.012978473253987353,0.9120723579942467,0.9206207126154018,0.9166666666666666,1.0,0.44,0.52,0.023928624999999926,0.013210833000000477,0faddb08a4ba5b5a7d2a7ba761544d3cb22b387c340f8686e16bd06950c2f56f,5922914267783cf90153fe4457bfcebdce3982b9402d021bd43cdb67acc2d36d,e8049fc3248fac8e4d4c1c3c9a19d52a00f28a13d7efa884d75480679241eb12
styled_pattern_80925,pattern_80925,styled,0.01522488084712962,0.012692203310076925,0.9120537515009792,0.9206187190625518,0.9166666666666666,1.0,0.44,0.52,0.023862749999999266,0.014641957999998567,807e289bacd2b0692c7c046f0f2e3ffafc56d1285c63c9d74c7aeb10e41fe521,5922914267783cf90153fe4457bfcebdce3982b9402d021bd43cdb67acc2d36d,e8049fc3248fac8e4d4c1c3c9a19d52a00f28a13d7efa884d75480679241eb12
real_like_pattern_80925,pattern_80925,real_like,0.015652165091396268,0.013366093527102581,0.8947397449980099,0.9189687218202999,0.9166666666666666,1.0,0.44,0.52,0.02428816699999814,0.010377042000000003,a32acbba1fb609a4bfebcb234b550e67ecd9a5499d78ca6bb082ebb68743d915,5922914267783cf90153fe4457bfcebdce3982b9402d021bd43cdb67acc2d36d,e8049fc3248fac8e4d4c1c3c9a19d52a00f28a13d7efa884d75480679241eb12
clean_pattern_80928,pattern_80928,clean,0.014990288161659463,0.012679729105070453,0.9196227822328201,0.9188191053259077,1.0,1.0,0.6428571428571429,0.5357142857142857,0.0233465420000023,0.010252874999999051,abd5fba453467dd4f0f33530598a31f5edbf38b9061418481e25b5c1ab596ba6,598394b31935b410bc3c13d78ebdb54a2b0f5963cf661d0f38ad48bc4c5ec787,982deea29a1d0342a88cdec732ffac61c0e28e2196aecfc5979a24f97d4945d7
styled_pattern_80928,pattern_80928,styled,0.015006163535617099,0.012595480776125875,0.9196962768187188,0.9215050602383402,1.0,1.0,0.6071428571428571,0.5357142857142857,0.024754749999999603,0.013936375000000112,cbaa24126b88977c57795783d696f1a79f13a2ac3d2a2f41c237aa771b68c263,598394b31935b410bc3c13d78ebdb54a2b0f5963cf661d0f38ad48bc4c5ec787,982deea29a1d0342a88cdec732ffac61c0e28e2196aecfc5979a24f97d4945d7
real_like_pattern_80928,pattern_80928,real_like,0.05543058152227951,0.012885435187477806,0.9830329582387431,0.9187115854687595,0.22413793103448276,1.0,0.4642857142857143,0.5357142857142857,0.024558542000001182,0.0109876670000002,1a7d43c6d61c4a3f3e43cfae5eec63cb6196e6fa6ca0f7e38f2ba5f6c399bc8b,598394b31935b410bc3c13d78ebdb54a2b0f5963cf661d0f38ad48bc4c5ec787,982deea29a1d0342a88cdec732ffac61c0e28e2196aecfc5979a24f97d4945d7
clean_pattern_80933,pattern_80933,clean,0.015423233383204346,0.013049044911323752,0.9256644457679345,0.9143068235930808,1.0,1.0,0.6071428571428571,0.6071428571428571,0.023917874999998645,0.010513624999999749,53e6a18c597e4bcd83637fae98b468e6593438a1f654603e7d02e3dc463a8bfc,80fc055de96d73470fe5f7684b76de2421335aa38d8d4b089fdabd9ab9069941,810089dd4c8f4004454699c100cd06e5727cf31234a218072e1134e859225b69
styled_pattern_80933,pattern_80933,styled,0.015354201258676056,0.012882716771919612,0.9256273055143992,0.9143088132495202,1.0,1.0,0.6071428571428571,0.6071428571428571,0.022967125000000976,0.014202875000000503,9c9b9134bfc5d144eb9f82b0d8da4b859a49631a6eb7a1e23c4cf5f00a0e5144,80fc055de96d73470fe5f7684b76de2421335aa38d8d4b089fdabd9ab9069941,810089dd4c8f4004454699c100cd06e5727cf31234a218072e1134e859225b69
real_like_pattern_80933,pattern_80933,real_like,0.01635615715142679,0.01327700422562648,0.9332503425525169,0.9147856675761606,1.0,1.0,0.6428571428571429,0.6071428571428571,0.023029541999999736,0.010535334000000063,ddfef95c57d27f53f29ec2671c9791d54649af509b214bc848914678bb10808a,80fc055de96d73470fe5f7684b76de2421335aa38d8d4b089fdabd9ab9069941,810089dd4c8f4004454699c100cd06e5727cf31234a218072e1134e859225b69
clean_pattern_80935,pattern_80935,clean,0.014502609644088338,0.01211410993465499,0.8889279689864943,0.905995483231513,1.0,1.0,0.48,0.48,0.02325404199999781,0.010353750000000161,c29527678f031c8cf80433c39de50b51c79b91bcf1c27e6e436a4e5f06ff064f,5f0238907c4ead36b183b26ec7230aa56c757acf9ec1cdaac3a715c9fe208349,cb053f51a7e8a3f6cff4398a53c4219102d42f3cbca0525f963c824a3a0abb61
styled_pattern_80935,pattern_80935,styled,0.01667728773919484,0.012006645321458882,0.8887036176173367,0.9059844919540617,1.0,1.0,0.48,0.48,0.023170749999998463,0.014210457999999093,86441c5661db22c109c09440dab4ec40f825d56d75e0731e40ffab6252d51176,5f0238907c4ead36b183b26ec7230aa56c757acf9ec1cdaac3a715c9fe208349,cb053f51a7e8a3f6cff4398a53c4219102d42f3cbca0525f963c824a3a0abb61
real_like_pattern_80935,pattern_80935,real_like,0.5985771367397341,0.012336411800212433,0.4434159338609578,0.9054291091698934,0.3333333333333333,1.0,0.04,0.48,0.023476000000002273,0.010417957999999672,d4dd26894184f9294cae4c407313e5a3d8e7a279d7bb9c325545e24b4a50e6e9,5f0238907c4ead36b183b26ec7230aa56c757acf9ec1cdaac3a715c9fe208349,cb053f51a7e8a3f6cff4398a53c4219102d42f3cbca0525f963c824a3a0abb61
clean_pattern_80938,pattern_80938,clean,0.014689173516983886,0.012162396489450899,0.8804257270485468,0.8826236279153292,1.0,1.0,0.68,0.52,0.023823917000001416,0.010339165999999622,5face88db387bfbe3d26a9d7a43e7d052eb722165cd96ff6d1cb0d0c9b5fd8c1,53c0e84e39e31f767a4f665f70e227e994d35e3c24eb6e1c0275e4665ecc9865,87cd56abf83c7013e2057ba381ebc2c9ba466e153309a4200660b5ff6f31dc49
styled_pattern_80938,pattern_80938,styled,0.01758464300397006,0.011989618074689947,0.8787274365626293,0.8825364045368983,1.0,1.0,0.56,0.56,0.023089750000000464,0.01413216699999964,8248afa693b93dbdffe4156777b9cbd85d92e93ebdf72bc8de51cddce8295dc5,53c0e84e39e31f767a4f665f70e227e994d35e3c24eb6e1c0275e4665ecc9865,87cd56abf83c7013e2057ba381ebc2c9ba466e153309a4200660b5ff6f31dc49
real_like_pattern_80938,pattern_80938,real_like,0.01455577815895656,0.012469688200166012,0.8798780155398711,0.8807547387627749,1.0,1.0,0.52,0.52,0.023398500000002542,0.01039395799999987,316f00d376b608d46f2ecf5dab2a42faa791c148f43153a41871f9dbbbb71002,53c0e84e39e31f767a4f665f70e227e994d35e3c24eb6e1c0275e4665ecc9865,87cd56abf83c7013e2057ba381ebc2c9ba466e153309a4200660b5ff6f31dc49
clean_pattern_80952,pattern_80952,clean,0.015485798728919687,0.012851716505492349,0.9424573688817516,0.9569213455045642,1.0,1.0,0.52,0.52,0.024134499999998837,0.010439166000001165,01e014921344bb46cffb0c44dfc510038dd8f74b246851895524ef2b40cf2349,1c6a713f5480ad76ef5cf3cb6de9d24788b3f6a30c1adc1dccf031454b5bef3b,cb8bf93a6c4cf665cf0e8df9d1d81985a64c5e2ddd022cbac082ad5e64b25ec1
styled_pattern_80952,pattern_80952,styled,0.015441177497611503,0.012799432315009438,0.9424415734847935,0.9569437223169214,1.0,1.0,0.52,0.56,0.02314150000000126,0.014151542000000461,27c8bbbef02c4e5a945e5397e15ea9236d3195c077af8501b408f0d7cdb4d331,1c6a713f5480ad76ef5cf3cb6de9d24788b3f6a30c1adc1dccf031454b5bef3b,cb8bf93a6c4cf665cf0e8df9d1d81985a64c5e2ddd022cbac082ad5e64b25ec1
real_like_pattern_80952,pattern_80952,real_like,0.017886033664954146,0.013132401107527924,0.9426251949744312,0.9564283974911645,1.0,1.0,0.52,0.52,0.023627416000000068,0.010578957999999972,475c90c74ee21b59054d6a2d1447def84f1d4f4ca8f49425ab224468516487b4,1c6a713f5480ad76ef5cf3cb6de9d24788b3f6a30c1adc1dccf031454b5bef3b,cb8bf93a6c4cf665cf0e8df9d1d81985a64c5e2ddd022cbac082ad5e64b25ec1
clean_pattern_80962,pattern_80962,clean,0.014960967723678572,0.012744316304015372,0.93061904982785,0.9335616094365179,1.0,1.0,0.5,0.5714285714285714,0.0228128329999997,0.010405541999999102,a5c5500f5b99fee35431e294035b90c7a05c940341f09b625d58406853e820c1,acf5dd3d605b77ee35aea750520b792d19fde78c6596971f279cd2ce5700a78e,5484e239e385498e6587782316d4aea42be94df72763ddb00b852e3eb9ac433f
styled_pattern_80962,pattern_80962,styled,0.014923690436299902,0.012624774665695417,0.9305654524974468,0.9335827836905043,1.0,1.0,0.5,0.5714285714285714,0.02377808299999984,0.01461141699999935,c5533fbd517876d6eaceb48f916c5d93c0cec5a4fa63ae8366e88c8f8cfcc761,acf5dd3d605b77ee35aea750520b792d19fde78c6596971f279cd2ce5700a78e,5484e239e385498e6587782316d4aea42be94df72763ddb00b852e3eb9ac433f
real_like_pattern_80962,pattern_80962,real_like,0.015235492765764573,0.01299643857675398,0.9286624164204221,0.9310451816893256,1.0,1.0,0.5,0.5357142857142857,0.024087915999999154,0.011111083999999494,12b573e089f1da026c3c8fd4d2d6d825a84c7db6fa9b9610e9a109202b14e3f8,acf5dd3d605b77ee35aea750520b792d19fde78c6596971f279cd2ce5700a78e,5484e239e385498e6587782316d4aea42be94df72763ddb00b852e3eb9ac433f
clean_pattern_80976,pattern_80976,clean,0.015348256933566659,0.01281819970964263,0.969804045014559,0.9740274389444139,1.0,1.0,0.5,0.5,0.023166791999997827,0.01087720900000022,84bb5da8f1ad7f55c404b721bf1f699b3c826b54a380dd24ed125d024a171cad,c8d2f0e53ca3b19c5112a679ab067fa11d1d5c304a70fb9ca0b5f15eaafe9a5c,b66f98a05554da992e0bd9e2d9b777d508500b7dba78a84e34f4ce02dc578648
styled_pattern_80976,pattern_80976,styled,0.015373436956434719,0.012810902646671986,0.9697594501718213,0.9740176018467512,1.0,1.0,0.5333333333333333,0.5,0.02384699999999995,0.014776582999999732,3b16c2a35ece935e420415d24f31bb679d6c67b8541dc26fe9b36246ee5d11ca,c8d2f0e53ca3b19c5112a679ab067fa11d1d5c304a70fb9ca0b5f15eaafe9a5c,b66f98a05554da992e0bd9e2d9b777d508500b7dba78a84e34f4ce02dc578648
real_like_pattern_80976,pattern_80976,real_like,0.02326738857731168,0.012980980200529513,0.9673237847905355,0.9708428425277406,0.7142857142857143,1.0,0.5,0.5,0.022933832999999737,0.010642791000000429,2105d6b8a3ef6da03ae967e84fbd07489eeeae208109ed8159428ff36b62b458,c8d2f0e53ca3b19c5112a679ab067fa11d1d5c304a70fb9ca0b5f15eaafe9a5c,b66f98a05554da992e0bd9e2d9b777d508500b7dba78a84e34f4ce02dc578648
clean_pattern_81011,pattern_81011,clean,0.015255211871970785,0.012630075557668022,0.9549601290440076,0.9368562434144628,0.9333333333333333,1.0,0.5185185185185185,0.48148148148148145,0.02394920800000122,0.010401374999998936,2dca31c362d3b93298926e01a5515ab8b84aca07366fb87bea2f719e39f49bc2,b972db38570b2df2c81c1a465829faa90a6e2777ed57e8aa4cc4581962912902,5b8b38d5fc750a6322dd127578e2687471a19baa5f4f200f108a16760541eef0
styled_pattern_81011,pattern_81011,styled,0.033596507516462065,0.012427125198662924,0.826706385857193,0.9368601459550167,1.0,1.0,0.37037037037037035,0.48148148148148145,0.02354966600000097,0.014024209000000454,426ad2caf15b15004177e73781d228b8255a8098994a974056b4a7e2c52c121f,b972db38570b2df2c81c1a465829faa90a6e2777ed57e8aa4cc4581962912902,5b8b38d5fc750a6322dd127578e2687471a19baa5f4f200f108a16760541eef0
real_like_pattern_81011,pattern_81011,real_like,0.8682329780648378,0.012872342231402755,0.11664303461553478,0.9366565634227882,0.06451612903225806,1.0,0.14814814814814814,0.4444444444444444,0.025288665999998017,0.010330666999999849,4c176b4695ad99cf4258c5ab9ec3edda521f8caeabf70d7d2b7cb405cfb2baed,b972db38570b2df2c81c1a465829faa90a6e2777ed57e8aa4cc4581962912902,5b8b38d5fc750a6322dd127578e2687471a19baa5f4f200f108a16760541eef0
clean_pattern_81086,pattern_81086,clean,0.015199034315417826,0.01289511767769989,0.9491286938986095,0.9536964171296053,1.0,1.0,0.5769230769230769,0.5769230769230769,0.02457337499999923,0.010621416999999411,6430758511362dff5eebd5a8221b5edd4a453b06611ef79a617bbb23175a7a1e,6b4f8052e36bcc265d93d5caf22e41774005b5c229f98e1f9f9ff82e17522f15,a20bb25657f8ce063adabaf071d6c3e627ff302ae552adb06fe5e7eaf008b9cc
styled_pattern_81086,pattern_81086,styled,0.01517764895350757,0.012585671631747251,0.9513600200106141,0.9537441766782357,1.0,1.0,0.5769230769230769,0.6153846153846154,0.024415000000001186,0.014502708000000197,ca968bdf8d05f3cb49186f76677d28c29901fad3981a81ce505704e8c7c35410,6b4f8052e36bcc265d93d5caf22e41774005b5c229f98e1f9f9ff82e17522f15,a20bb25657f8ce063adabaf071d6c3e627ff302ae552adb06fe5e7eaf008b9cc
real_like_pattern_81086,pattern_81086,real_like,0.018632233195968986,0.013111276409807696,0.9700983197171922,0.9531659677428189,1.0,1.0,0.5,0.5769230769230769,0.023942292000000975,0.010472666999998381,722c09e8def3f9ff8dcd6354ee7e749bbfb7b4c9efcd4d1d3103e117580bf2b1,6b4f8052e36bcc265d93d5caf22e41774005b5c229f98e1f9f9ff82e17522f15,a20bb25657f8ce063adabaf071d6c3e627ff302ae552adb06fe5e7eaf008b9cc
clean_pattern_81203,pattern_81203,clean,0.015408322663007764,0.012679216686409348,1.0595093785887457,0.898429828405945,1.0,1.0,0.44,0.44,0.023996125000000035,0.010423583999999764,0ab2c75096bcff62d78154a229532ac10bcadc7edb5e6de6c9214e1fcdab4a57,ed22ec5f037b05a521ef19f0e8889d5279d9b25f9ae92fcdda6bbc76b4d6edcf,d9e44a4bc36ccb9ea1e05350c6870de2ece20184774de7db9d90f086eb578d43
styled_pattern_81203,pattern_81203,styled,0.014889529436994446,0.012614974438697291,0.8991212254023556,0.8984596479353789,1.0,1.0,0.4,0.44,0.024173916000002293,0.014166541999999893,b2a5d5941281c1a6e1b4581fdc0de217adc39053c30cf08859a73ec3407fd0b9,ed22ec5f037b05a521ef19f0e8889d5279d9b25f9ae92fcdda6bbc76b4d6edcf,d9e44a4bc36ccb9ea1e05350c6870de2ece20184774de7db9d90f086eb578d43
real_like_pattern_81203,pattern_81203,real_like,0.015691745052534404,0.013048733340565723,0.9455502327310251,0.8982495242744839,1.0,1.0,0.44,0.4,0.02464137500000163,0.010513207999998997,bf4ba90cfbca39b2c8b0e32539b590a33aea3d1f9c9d312e036d1e09d55d2c14,ed22ec5f037b05a521ef19f0e8889d5279d9b25f9ae92fcdda6bbc76b4d6edcf,d9e44a4bc36ccb9ea1e05350c6870de2ece20184774de7db9d90f086eb578d43
clean_pattern_83276,pattern_83276,clean,0.023502983273216937,0.020835422442912917,0.6321863421051386,0.7036629109269783,1.0,1.0,0.23469387755102042,0.2857142857142857,0.023612207999999413,0.011270584000000028,b8271084c08bbe535f7f0674c0c7e77cb5e0d1f372693702ba9626f1ecbfd37a,ecf45e30f2b484536226911be1fa7cc2c8bce91a461ec9e851ea45b0e7489846,29c7c7b7c70eb935a61212f81f7dca4f7e78936b3f9e268f622b5ea2f3e08139
styled_pattern_83276,pattern_83276,styled,0.02307731797161718,0.020255243110177245,0.7140866265065942,0.7210227568485859,1.0,1.0,0.23469387755102042,0.2857142857142857,0.02401508399999841,0.015042291000000318,0ddd5e10bbbc702a476b78724a44910c2710bab936a14b41ce1bee0344296d08,ecf45e30f2b484536226911be1fa7cc2c8bce91a461ec9e851ea45b0e7489846,29c7c7b7c70eb935a61212f81f7dca4f7e78936b3f9e268f622b5ea2f3e08139
real_like_pattern_83276,pattern_83276,real_like,0.02350341266264857,0.021366762071655294,0.7132147301971883,0.7034416835051888,1.0,1.0,0.22448979591836735,0.2653061224489796,0.02412995799999962,0.010919458000000049,bb7f74b478e448c5c727e76027734a8a7cc8710634c8981b3c1183fd17bafc69,ecf45e30f2b484536226911be1fa7cc2c8bce91a461ec9e851ea45b0e7489846,29c7c7b7c70eb935a61212f81f7dca4f7e78936b3f9e268f622b5ea2f3e08139
clean_pattern_83331,pattern_83331,clean,0.02460224367394758,0.017956237644738755,0.6374075395040861,0.5939404453610805,0.9523809523809523,1.0,0.30303030303030304,0.3484848484848485,0.024565458000001428,0.011360040999999654,dd9f55fa498e268814638325bb7ebc27d73a434f04f0685e9c7f500e9f1f1be3,41a7f157c3f65493f78a640d26090815088933c3c4eeb99d9bf1e1775bdb4ecd,043e7d0b8eccd2b278370c5573b8f5cc12ba4b18ef04fd4e21ab1f111891356e
styled_pattern_83331,pattern_83331,styled,0.0234434268751095,0.017872908805582656,0.5710346659016545,0.5936380588335634,0.9130434782608695,1.0,0.3181818181818182,0.3484848484848485,0.024181792000000257,0.014974500000001001,7a8c2ff806bd1606b82cd7e287e86dcef0d4a048f064d16615e7103d14e3e750,41a7f157c3f65493f78a640d26090815088933c3c4eeb99d9bf1e1775bdb4ecd,043e7d0b8eccd2b278370c5573b8f5cc12ba4b18ef04fd4e21ab1f111891356e
real_like_pattern_83331,pattern_83331,real_like,0.14748970493253385,0.018192564018260016,0.45354780808535056,0.5928927535782406,0.4146341463414634,1.0,0.25757575757575757,0.3181818181818182,0.024243708000000197,0.011325375000000193,6208868e83188c0f8da313b681f4fd66a0c641f181d688ff7163b157b217c1e6,41a7f157c3f65493f78a640d26090815088933c3c4eeb99d9bf1e1775bdb4ecd,043e7d0b8eccd2b278370c5573b8f5cc12ba4b18ef04fd4e21ab1f111891356e
clean_pattern_83487,pattern_83487,clean,0.025645679816731794,0.02260371677676795,0.8299319366724359,0.8302717223950646,1.0,1.0,0.3302752293577982,0.3486238532110092,0.024215375000000705,0.011025832999999707,c765ddd9af931ebc1495fbd91fb2f907dc447098c6b7dee8b3735fac32de2331,0dea885b9482812ee513a0d3b8997adf310aae69d0a9aac3afcdcff76641ee25,547d3484186570b8157d8b0cc0d23396cebe98c7e85724ab43dc2e37fff53b2b
styled_pattern_83487,pattern_83487,styled,0.02580758088358615,0.02272304437641063,0.8299837009036177,0.8302995954426241,1.0,1.0,0.3302752293577982,0.3577981651376147,0.024014458999999988,0.01452795799999862,d477e02de356b25710e4dcdd77617d086207f19e65e0928a9a32d0316bbaad82,0dea885b9482812ee513a0d3b8997adf310aae69d0a9aac3afcdcff76641ee25,547d3484186570b8157d8b0cc0d23396cebe98c7e85724ab43dc2e37fff53b2b
real_like_pattern_83487,pattern_83487,real_like,0.026114317858491356,0.02288786271395908,0.8299412276882892,0.8301867759644075,1.0,1.0,0.30275229357798167,0.3486238532110092,0.024176457999999457,0.011283583000000874,b417a0e25af3c6b4846d97afab6c10e1be3f59f7377352d7d3513b105e3d91a7,0dea885b9482812ee513a0d3b8997adf310aae69d0a9aac3afcdcff76641ee25,547d3484186570b8157d8b0cc0d23396cebe98c7e85724ab43dc2e37fff53b2b
clean_pattern_83686,pattern_83686,clean,0.027918816626213958,0.024875388046638042,0.8022812678431529,0.8083038621619667,1.0,1.0,0.29457364341085274,0.31007751937984496,0.024471667000000252,0.011090499999999892,2e94f50a34d754e9672f5734831f0a2f34f9f017a0deb8be0f40a7490db22d93,5b906f3ff0dffa522be1a4fee2e28444e66ab52d3499a398472f94eea1826e16,2e17b071c7d40cf3aafe781409b74b9ae5dfc44b82705ba9082fa9ae61a6c5a0
styled_pattern_83686,pattern_83686,styled,0.027352551368179993,0.024285778959657313,0.8579142820468558,0.8716517577211519,1.0,1.0,0.29457364341085274,0.31007751937984496,0.024294166000000672,0.015020707999999772,b68077d0c843f3fa7a70e56b746de4377c40c40780841f66b61a35be9b960fb2,5b906f3ff0dffa522be1a4fee2e28444e66ab52d3499a398472f94eea1826e16,2e17b071c7d40cf3aafe781409b74b9ae5dfc44b82705ba9082fa9ae61a6c5a0
real_like_pattern_83686,pattern_83686,real_like,0.027915696063342106,0.025582997839090883,0.8585767379138689,0.8025129060861842,1.0,1.0,0.27906976744186046,0.29457364341085274,0.024045375000000035,0.011079041999998651,64488d45991e619a529231473decad81087a3888038edfa14a56043fa468dcd7,5b906f3ff0dffa522be1a4fee2e28444e66ab52d3499a398472f94eea1826e16,2e17b071c7d40cf3aafe781409b74b9ae5dfc44b82705ba9082fa9ae61a6c5a0
